{"version":25,"hash":{"type":"Buffer","data":"bbHw+cyv/fTGk7m+ChiO3pIu/JSiG/Fcc1fr0s3/lypytwDwHSvCoHn3GkbXvDflJUK9/QFXkkKAA0FnL3RkeKTWbP2kLxbekc315kPwEoqORECtoL1lD0UiPSG5HZw+XDKy8s2/IcVSUgkpu8/dg7dsJ/ugHYR1Lbq3Q/IWqP0="},"indexValueMap":{"GRK9PbCwDnVtz4/kkuEZjDuyVqw60bo+3ZG02skbko8=":{"valueMac":{"type":"Buffer","data":"Q35rsLMmFntJe837Qp5B5A9KGLf2ZO/ramT8/OeL64g="}},"IojFNwS/Q3aRa9TcJunzOpHzrqFYRyGnJT+vC0g5Y7g=":{"valueMac":{"type":"Buffer","data":"y1oC10jiQ+BuloZCThkSFIjgZUOqs7NuzRD0rA1ZV3k="}},"KFxGAEBHoC/ISjLawmRCnDOh4aPjDAxxCxZ0LwXQMdE=":{"valueMac":{"type":"Buffer","data":"NO51/N+U/wsoIQ66zZkfq2MFwQetQxac250VmEN1QIQ="}},"LOm9cPLwxv+KJF8e0aLX5lQMNq2XEXUq25U5gWozOcY=":{"valueMac":{"type":"Buffer","data":"S/1LQ8RUUKfOmN8DyKFoGagvLNfeCaAh8pRNoKbF7RM="}},"MLrIHQIrNWOo7LN4iWGV34tAV8kbXxJRgpl9wBSqQew=":{"valueMac":{"type":"Buffer","data":"TRRaT5ohS/tLK0gY3AD39Mo6TM+w/W83hKl6u5vmPQg="}},"Slwd8XqoRuK3cTy1d+3Vjh85fGRnNYF18NMnwByDEpc=":{"valueMac":{"type":"Buffer","data":"WtypjxCeGSTeSz9cocd6AXQNZk6GiobGqvxbFrKIHyY="}},"SzjW8xiw2t6qYIRowDqWm9QQk6c725v+YD3ABsVO6w4=":{"valueMac":{"type":"Buffer","data":"pSCmtjaESyj5iagXymvEKZrCOP/+0FxqpLLjNmW5DmU="}},"XD2kuns/837gZKQy4gLIo6XzPQ2AXbtqlk2/CMSqtRU=":{"valueMac":{"type":"Buffer","data":"Twz5NwTs5iYNUGHW0lIQZOEGoZz5VeUNfa9oBAhwYzo="}},"YmQzhf6YeugGUYOFrEdB9/wshaVCJlmzYw9zhd8HYYQ=":{"valueMac":{"type":"Buffer","data":"kAtHd0XxfmaW0JyJxdc2jHq65nYJ02tf6o1ZDpUoqbI="}},"Yui8Wp5pF9eUfAjFtn5bQG+fSLhRu8xJlpIZN6xMwWY=":{"valueMac":{"type":"Buffer","data":"uq9fo5WdHQIzQ/Y2taZP0MhCIjwHWyQKGgF9tIBud5E="}},"ZwdA6razm1zaeN6zOy70ktJm69wodFMEeClxUPW329k=":{"valueMac":{"type":"Buffer","data":"fg4oTa+lr8MfubfT04gOUFLbJFGNHNnVhGD8F/tqBII="}},"a2jFU3LHzUI0cZatjtj8BdP68nPN3k9MfMukYVSTVZc=":{"valueMac":{"type":"Buffer","data":"nYLJwHyhGvGlhEa6HYoarG1tYZkdi3jvd4TfKvwdufw="}},"caI/+8WI0JwEvtHxcKXkJZIx+jlVStBcVmWJ28nELqA=":{"valueMac":{"type":"Buffer","data":"VLygjEGbZ3bp4ds0RLz68XHcz6Buz55NQqJ9oqLci8s="}},"c3i+ZOQF3zfScirS6QBECHn7hSkRbnmAEvGoLtVYWdw=":{"valueMac":{"type":"Buffer","data":"ArRz5C4Mg+djhrnethq2pC4SujuLwGHOGNbgXLttDQ0="}},"eimbJ70nQkyBflc+4aWo8XtZVWRuOWpML5rYAQu3ndc=":{"valueMac":{"type":"Buffer","data":"hLev42rxgVTi5KPYlsnkJOdS19XNE9oVEZf58jisrqY="}},"oU6VCKnq0nJCBJowLCEOrzbQ0+47Ac70u3DK6UFpyTE=":{"valueMac":{"type":"Buffer","data":"O/OD44HqkVYpJSzMklr7ItfpmUyLvlneKOmgx/Xoy34="}},"sofTZwP/gjfgshAJbaf1LeE9saqkPCtWTwIwb3kyLkA=":{"valueMac":{"type":"Buffer","data":"9uao1MTM4LJ6S7DrEr78YSHi9phqjrRUKtp3pq0mG0Q="}},"vJtqKhomIlb1j7EG5Kvy57zRolUp0mZPLLq/7+059gk=":{"valueMac":{"type":"Buffer","data":"/orSmtzWLAAMcQg5EoSk2o9HHWORRbS4NCq3GEW6m9E="}},"yXAEWloiahIfEGtihD8qmDevk946AcKwpmCzsgV5Bjk=":{"valueMac":{"type":"Buffer","data":"ukhoiqapHnoIsanytxk5TqYoHzJnZ6FnLx9Eh9AbNlg="}},"6V4MLMcYfT9tT9NBEdwWRJr5MOTstnfd0udEbs3fKXA=":{"valueMac":{"type":"Buffer","data":"Nk3ZtF7xVkw3gn+owmgFkehWG3xCjNr+alh9urbd9zo="}},"7v5z1r8ztBsTbP1YK3YedXIa2BtCEauDkOglwrLcMiY=":{"valueMac":{"type":"Buffer","data":"shLlQwGP68/o0HDYCnuFYucZBTac4NiceO1ukYJm55Y="}},"97MVeKOt2yTSvSClzHnvVeXuDJo96fwExv/ZMWQnJys=":{"valueMac":{"type":"Buffer","data":"uGgtnDWWMxDKhM6t8tvSGOiqhR1B3sTCy5i4SD5GMfc="}},"3Y7oc7jiv2kHsiFSKj8Yqwxm/eApQvw48/xP+15f6tg=":{"valueMac":{"type":"Buffer","data":"hEiWNqdTdYjuaLf7MIFKiad/6knCpVH46xsRdHzEVf0="}},"z+bYn0quBDyREIk4pYYsVOdHziOzzuKRKpiAf1LcvI8=":{"valueMac":{"type":"Buffer","data":"O8wM5HQ4rpleqvNRc5p3w3CZOIFrNHKJzFxv/1u9lZQ="}},"I0vzOYuLYTDidR6AVGh+T6H2YYmJc1z6JLpsdfcMT4I=":{"valueMac":{"type":"Buffer","data":"zxSjIlZWcnWc1Pw3XKvnt6dxKZ19f9sshEDEA71VQu0="}},"cZPFegDDkt2QKm/8txhMdD1R3BhhjPcz1cUC1Did1yA=":{"valueMac":{"type":"Buffer","data":"kLuxgqSGxUP1l2OFD6M6WutkLKIXH4pjI2D4nhsyelY="}},"J/SZJrxGYCH7HjQHOD1a7OuZ/11+Zyr5c9rY1P4uEVE=":{"valueMac":{"type":"Buffer","data":"h/X+D1tgsIMoeiwqsECSwmHed53jd1gZ25PUt/F1zMc="}},"8vs7Hgfwm9o9o221LbN+OQE7/T+sEDFduAuMdibJIK4=":{"valueMac":{"type":"Buffer","data":"zLxnI5ejK42O0FBjWXHjeA5Rfjfx74f4qWBmHvy2fCs="}},"ZaIsbI0XiN/oK2kpmOmNfDsEgYlAkdwxRNFtDU09orE=":{"valueMac":{"type":"Buffer","data":"OnhkktDsjqKE1XJyiLB3hXTgvl++9jjWo2In+a5F/vA="}},"OEBcnQRBCsRIm2M7QkQs/Zvj+/0zPdeuDYQnyxUnMRg=":{"valueMac":{"type":"Buffer","data":"LBM3CR/MfFStmSwkffQ4vqL97i8nNThY0eEUfnPA7E0="}},"Be49EQ9zuNWbnWdRqWqGV/7r8gzmGCpRyd34iCvPMsY=":{"valueMac":{"type":"Buffer","data":"V6hU/pD2iTwB+S4snW/LxNZZipxu6NpdjQS0gw5O/ho="}}}}