{"version":41,"hash":{"type":"Buffer","data":"fLU4ouZ1DcZmlKU3Yzw24MC5CriMi37y2IXbhzI15vHeGRGQbLFJ0fxVhUFFRLsTy2Zb6cCi7yA1Ifj2qgHMmdnHNVPCA9ooB/bSN8xDDIo1+vLZrKp4gouDDtgvDc30YV+SpRCeaU6XLrhExvcC/QItvPSmggaREYvpdlISxIM="},"indexValueMap":{"CX3DZkNwUh7mTN7/yJyIYWXln10YlO2233vteVgPbfc=":{"valueMac":{"type":"Buffer","data":"VAAaGlqCIwvIlBj68Dcq9K3ldttRQAVUVTphI1JViH0="}},"Ceh4vRduRoMbzzY2bffbEBXAxPtocIJ3TudWsSaYdnU=":{"valueMac":{"type":"Buffer","data":"BroL8YdF4njIBGJPEWyhiUncaBXvyjf/hTCA7b02CXk="}},"C5DbYa3EJLi3fYP94pqJ3opIXumlDmz80cGUcmIqO3Y=":{"valueMac":{"type":"Buffer","data":"L9TUfZY02rYGrpYRxqbWuOdVJHGtbiF4RKzbXU/uADo="}},"Dz+2USCfysNoXujnTZAJctcS/Zgsu3lV2/xjrN3unuw=":{"valueMac":{"type":"Buffer","data":"/gbwkOEAaN5QQdjhwp4qwKPrgXKvjmYIpBUQlfOReQ8="}},"FA2XNPUeGB1QTZyjv4OHBpcqNGbmAbQrLKlgT/zFvs4=":{"valueMac":{"type":"Buffer","data":"++XgBUeYEajQcyWKj7D4vsNpgiTA9mVropb6qlT5JC4="}},"GRTDjgAXG4w2tEQLg8kC3nU8Nl9gG09xMvvH9eVSME4=":{"valueMac":{"type":"Buffer","data":"ct6/qrol5Klds0MukWiM2m3qZCTcDQdeNdqjVXytr74="}},"GdYJkZXzfLQs5rniFDcSL3BB0ncTflPICq5hcpzdvlA=":{"valueMac":{"type":"Buffer","data":"+NH7pGrnM7g4APTomYnIwROmCAo9OtUPHq/8u79rmGU="}},"Ip0TJcI++aEu8h2CjBePYnaDaCb9nl1eWvBO5J9Ne00=":{"valueMac":{"type":"Buffer","data":"/bT9h71gN9z1rOu8rp+Wy0qCf7ajM62+9oL44UVBmkQ="}},"KaQE6d6AKwwEqIVjHWP/AgLMLccpQ7R8TApUdKUaIBs=":{"valueMac":{"type":"Buffer","data":"Asmyks6s/movf9k1WUsFvcA6YJe6zHKCKP6msxLOX4Q="}},"KqQClGPyiNa84fD6D00kGgfPSBdF/wRYu1SThxRd4cM=":{"valueMac":{"type":"Buffer","data":"Fg+D5HTdSoEtwqAW/gb8a9lXPcCHrEM8XNiBloUTnts="}},"LyWVm757xHvQ8Y49HZhXtORCTANZBdxot1Xey6JsTVk=":{"valueMac":{"type":"Buffer","data":"js76JBZgM1z9OZqK27/98jxf1e6f2tVDEspuFgjMPf4="}},"L0VLL9qrYk6l5IBy9cBZsx4pyvMJMFf6UZjCIOw6wFM=":{"valueMac":{"type":"Buffer","data":"kRD/ejufWL7EIx+YtqV3KMBuUVq8hI7bIgBaF5Vu4pE="}},"MwE0c+4zJCG9/JLtTeJkkGVcIbxde7k0hDPMtmc8ccM=":{"valueMac":{"type":"Buffer","data":"6oyUwowN2OzRYukJmq4Rt3MwCEb1rAlJj2qYpHSZzCo="}},"NlHWNyxRu/XgazoG7VnfHPhG1Rq8UnZDEntETFKfvVI=":{"valueMac":{"type":"Buffer","data":"XwmS1kPmJ5VYdqemqitHDUUU+BHIEpjEx0zjU4abVsE="}},"Ru6mRshHlpINLHEOjY39+tCRkCI5NC2UyHm4v8tg2ro=":{"valueMac":{"type":"Buffer","data":"D4MjYpIUpRtToiS3pN7tArsaN9+QqjHFaWmLdNWVwfA="}},"WdDSzAlW4PFIu873Hxi+26aTxWOaPQQHBz15r36VaVo=":{"valueMac":{"type":"Buffer","data":"vYczOI3Jc46pvWOHgLhJGd4TWXcaGMAm9ztsM5kWq5E="}},"WdFNFgPeXGn7WeqNhi+NlaQw3FiDHOcZ4bjD+CV0s04=":{"valueMac":{"type":"Buffer","data":"OKu1yfSYjWi3wM5ArFi9xKxfzyIAXEDPnpOjENoixck="}},"We8qZkR0TZwNNOCGXsHMvbeM6VJh5tXdKlHsfGuzTgE=":{"valueMac":{"type":"Buffer","data":"sJZxK1ysIhlhBGs6h1+ELCVgFg9BDHT+cNzmHn8Mt3Y="}},"YeFGbsFBrq0xcg9ukkklSiFLxuRRCuQ9tLHVQgTTWvQ=":{"valueMac":{"type":"Buffer","data":"RZv8kUGwD2IyGSewnE8u41bhZElGP6qSy5DXtiZ9wDE="}},"YqLI0FI7O4fertDaZhi0AL43FP+0w6aMzL5vT4kJFhQ=":{"valueMac":{"type":"Buffer","data":"rlnToERtr8Onv4NLL9/tWYLwpbK7KibafXOHaxlgZJI="}},"j0XGSrOQFL3kLDSt2y8/0IDTOxaaANltMn3nDcyuSWQ=":{"valueMac":{"type":"Buffer","data":"E4chGxn6YOeTRlGhkqhOkLBMV3O8P+r2+DN0PyrOIDU="}},"nW4qxU9MahhglLWXgU3P3iJMNjsTJIAnSid01UfXY50=":{"valueMac":{"type":"Buffer","data":"Twxd2O/0EBUThcwkfRjSsjuErl46CEs8Wi6IGEz3z4s="}},"onYIQKldOneZrrHPNtycWhHxEzDYSWCtrACMwP1CV08=":{"valueMac":{"type":"Buffer","data":"J5FRPWXMxVGhn7tdKqYChT5MHjihRgOz345810+f7Bw="}},"rQDry3JARtvi8mRRsxXIGkTBXPJVvNpxCL4Uree0toQ=":{"valueMac":{"type":"Buffer","data":"acs73ebbxOQtr/xX8TCzV7au04C8dkqbET6C4wP9mio="}},"rqvs2+qJeTRphPFYRiZCQixhwBioFwkisuAiTPVUF9w=":{"valueMac":{"type":"Buffer","data":"H+KIQ8igcZGhd4XCaYzh+Zqj1QYlU0UsHbCRnHgw5D8="}},"sHeJcAQJZv/JeLa/mboCm8RlyGSvq7aLVqOOfVCbQ48=":{"valueMac":{"type":"Buffer","data":"qk9uSHNjc9icn6L7stDgnMR9iMDv0e77hiKsP4jgKQo="}},"smWPMxNT9vxRSwczo5jc08c5RiyuFxAHn5+CVPbWSsY=":{"valueMac":{"type":"Buffer","data":"c8k/hWUCWIuLWdBNbKACp+xwN6t3mfNDm69IlrYr6VU="}},"tqc5o6qoj021BodiDXWy9h369boyn2xHAYaGp7DDVNg=":{"valueMac":{"type":"Buffer","data":"R1hYL79LikE9Jxpmz+qewmkuNEFLsYA0IbtajPZrwGI="}},"uyMPsOR/mjNXDdFFUT1U0ZoNEPeynoaSH3vXZaytZUw=":{"valueMac":{"type":"Buffer","data":"8DraCzv7yCwHpRaUCoFViYcqyvjsrjpYE1TDtZ1g+60="}},"woLwB+2tKUjTAts34ouXEHnUCMJM1oYndVR+CMrpagM=":{"valueMac":{"type":"Buffer","data":"Tm3fxpbgn8VJpYTbiXzlhTAIH32hBp7wNGIzyHKiiXs="}},"3hUBfD7CneOgV6uHDYw0nIBEZJusR7hKHSwfvlIXIvg=":{"valueMac":{"type":"Buffer","data":"YfLUw/HJdlwVV4Df+JA6mZIBbMORqkFkPr0aPJqaAyw="}},"5OFdllMmy0llXVJ2wjWYoNnqJh8VhO2CZv6ftSao7yA=":{"valueMac":{"type":"Buffer","data":"uCz4m1FQES5PS6vJwGsCAo2aFw8Y94TglhPlCiOCk7E="}},"5z/niBE+3wQOORnKYhUvMOZxucBAixeiP6OYjRfbF/I=":{"valueMac":{"type":"Buffer","data":"A2jz+mgqu8b63grsjizNy5C4jtgn7QubMvA8cHHnhgo="}},"6d1Qw2rqv8T57yTF8JE9phj0BeWDdR5/JkohPIPSFQE=":{"valueMac":{"type":"Buffer","data":"gSZlZuscqWQ0eBIkFDf0P8nvxN6Fg4/d0qCQnqzdXL4="}},"9XpsRGK4xxK884ycfZppj4sWP59EuLx1vdqhYoIJgGE=":{"valueMac":{"type":"Buffer","data":"CGcsFIBb6eonBo1gpTLoztHJw888KdO8qItSvSHZUIw="}},"+HoLMInwPXQXMGLywnQR2jMg38YSV/4Dzp9OortCuuI=":{"valueMac":{"type":"Buffer","data":"6QXsGAR9GisCrtPM9fCbjT5ObGJts8u9xrvpOgqWZTE="}},"+eIpxL56sQ/LdYJa5edf9NzOvNulwgtNrz/Igk224UQ=":{"valueMac":{"type":"Buffer","data":"QKr1yQMJPFhsVNDu2//uKA856E+fS3Ebiwk4WS1+8Rc="}},"Q4cE4RgW6ScjTigTqzRlI9tZCBN1hfjS7WVUnYydP0I=":{"valueMac":{"type":"Buffer","data":"Z/s3Nuz2FUQue3UmMsRy/tvbpsoHMM6KTW4kHPHdpdQ="}},"jILKLnUoGrKnnOeibTQIJ9kofAvNAubjg7MWxSccCz4=":{"valueMac":{"type":"Buffer","data":"VHeqEGqPvVufkjQhhfnspfWxK5nu4vJ59Nl/DVsj70w="}},"jN0RLqTgqwXDqBzgPUyYSEbp4FWTodxhunB3xd+jhGc=":{"valueMac":{"type":"Buffer","data":"nkEviBZxGvW+tZQUtPaDUW0LiXTOG0+7zcxNWlpIhbA="}},"oG1maP2TP3lXfV+0vPQe4482aTbx/uFjpv4LWwogVCE=":{"valueMac":{"type":"Buffer","data":"Pm5BNEKLGXrM6Ryn6J+y5g6aPrpgWaz5VdXaZJEw3hM="}},"u79EupZCWICVtCI8jPJNa0OPBV+7yfycsONbgTsLDlY=":{"valueMac":{"type":"Buffer","data":"lzq371NbHoWo7iNsXXLTfGd4jWoU/lgLT/2cLfjCOYc="}},"k0SkvBfcX9zqLi7Ln6SnUdA0suTh6UegSlt03Hh3JRg=":{"valueMac":{"type":"Buffer","data":"w0A1acypQ7joqyn7oqrpkLnalUSA296H1mHT8g/Alyg="}},"/GZtcvXz+tmBsjavusJh1G+Bj2J7IZoT0SAZmvuMmpk=":{"valueMac":{"type":"Buffer","data":"cnsbFLkwD3+Ez6jKBceHX1qhHBCWtaOmWNC/S/SoOFQ="}},"SI8ev7/8cOFwVPtYfMOhdrlrybYaenWQan1SoiEXLtk=":{"valueMac":{"type":"Buffer","data":"kjjN5XpNlLZuJZHe3nA0DOQK6VC9F50X+nzK03a/Xtw="}},"8XFsX142/Yrre57A+JrxsvNKazNFtH8fZuJ7T09t/QM=":{"valueMac":{"type":"Buffer","data":"8rSBh+4UCJFH5JWcm+3sdybz/xYv/38WIZt0yefs6zM="}},"8dZXCWs/IAc+7gJPa0bUX7WuQN2zCxNc+ol/qYGOhw4=":{"valueMac":{"type":"Buffer","data":"lEnERVMA6+w4V3AY+siijRte7dH7nOs/m1pNs40X8sQ="}},"rshGumznV9UMkubjm32E9IsZbSL5ojt3A9mhVED0axE=":{"valueMac":{"type":"Buffer","data":"XrOInNx8dIyoWLdVMeOjMqiHjEEn2HfWD4ixTSnE15M="}},"V5fYlgJYWUW4zgqBbMhh3CiBNK1AXWegChFtq3gAQ8E=":{"valueMac":{"type":"Buffer","data":"oPjjB3bBRdXu6vpMWLmtaq65NST79VGtoiEXXCBYCck="}},"+3L0IAGol8gmabIiOTxlHHDAyFRLPP7AmLuKpSCSZEI=":{"valueMac":{"type":"Buffer","data":"+/z8/KXUwdGNndKSLqqfd2P6A88qu6C1QY4qixKsnrM="}},"hjQWhekzq5NeIvchZ0nQ25totv54Rz1gCk4dL+r7jjk=":{"valueMac":{"type":"Buffer","data":"ektWhpPYQlAyrwIwOULa4mO9fQ2GPJOHW/xOYEVErGE="}}}}