{"version":33,"hash":{"type":"Buffer","data":"E36qSwGoiiBKarhuL4yYHgYxLCpJriwVJ5VvyNsS4jIKZW9YcH9OMzc0XgBWs55hnG6o2u8EtOF2W5q07uwcK6BBKhj/Q8XxBjd+2V1aNKS8VPVMegdqiBJFdco9d9OQHOFpvwuIc4/eH9erEm3qUMNuajLi68HJQ+sCaNpby18="},"indexValueMap":{"He3KACfWwQxxzGdgY0T36afej+ER7zPqun5M2WwoSBc=":{"valueMac":{"type":"Buffer","data":"raqZKJTdVo2iYOngSST/rkjoPQCjCHPMVqru64EN9ig="}},"KlAcCZZeFQVlnyVoRtsIKgpbwLZwdhB+84dm4JmGMAI=":{"valueMac":{"type":"Buffer","data":"BgE1ELQYBECCzQmSiCzJU/yoO/9XYx/f0ejdoOVoRis="}},"KpvBZEZGM52wVEuBTIYYgSq4DUPLS1x+Yyy40DvVQEU=":{"valueMac":{"type":"Buffer","data":"u3I5T+GZWjjfFaaHuVb96CNsynYgQt0ZiRAGGtz8NEs="}},"OEWZ7PKitGO+d9LbBmBnKhYtTqJLrGDriCTK/QaYGfQ=":{"valueMac":{"type":"Buffer","data":"WB4AMdZ9Y6++qoz12zRJshgibZZHqAO6ASbr3fqyY/E="}},"OxoVgBjLzqY3c8L46T+jjw82qWuFLh2arM9LW2XptyA=":{"valueMac":{"type":"Buffer","data":"V4wXK21Y0d+T0XkGd4GuPfScgnHbdedoo3O1XKAkUB4="}},"QG6TEoOhXACIELCkcZxbLJD4fc6GxQqMM5RDzo/2l44=":{"valueMac":{"type":"Buffer","data":"7kC6AQl1Hv8IDFuPBuwxxntc9bs6qmMAV/WnYiaH3/Q="}},"RrcHf2tdL2c9VKoyoMEQzp0pACcDlalNfQ7xs5MXQD8=":{"valueMac":{"type":"Buffer","data":"KwS4ro/bQmUkm/Ub4i9uRiEByUJ/+D7X9VUO8NKrJX8="}},"aEPEb/v3p4IEGAKOtq6Dt/m5DNIukE3NjTDej5ihvoQ=":{"valueMac":{"type":"Buffer","data":"0Y08+9trj9DnvZHLui4tIfGh3GUva74RkdjTWN1M+SU="}},"bZ34xCHRvugS4kzh4JeTBqqSuEeBPOIBwXkKrNdKroI=":{"valueMac":{"type":"Buffer","data":"T10I6Oc12ucMSmfMuQQUJKFCVLm8FRhsKfVL12weQRM="}},"dnLg+CUMjdGucQpNBBcqbt28cYiTN3sqSqZWiOymjyM=":{"valueMac":{"type":"Buffer","data":"/5CthNk7eOAOQafCS1GV77iARpl92n6/T71Go0BKqyU="}},"i+VpxD2aVPefZhygkEOHpxwOigq0amx14Ewjib3gXjU=":{"valueMac":{"type":"Buffer","data":"FQJrRLoXQoQFtamNX2VtwHGF3roYxgz61lCLDaicGYk="}},"lDq32OXte4dvIgNku9/ZbiT8fwvGOYFEl7kv5vlVshQ=":{"valueMac":{"type":"Buffer","data":"MhJuoxRPRiz7uFVx+Mzz0Y+fjOgrLayFct/Ehssvaqs="}},"lZsfGjfxjKKGAhd5Xaio3lb7jmJ/FmR/WDeByiLvuLE=":{"valueMac":{"type":"Buffer","data":"r6fU4G0tDbS13aceK/RfS5gdPM8PcHoBxayCjcAv/Ek="}},"myAuVKrT4V4VBfJ1yFOu8jUYrLx/qXJYJGga3oCpRFs=":{"valueMac":{"type":"Buffer","data":"iA0eTXNqauw5qVRVzHI+8sWfvNwIftys9J6w77DIMKc="}},"qoI89PbWwFPpz8ovl2nuZb7wwzijjZcxjGezKwogQvQ=":{"valueMac":{"type":"Buffer","data":"cReTpriWRrlDJr/6P8Qmb8llUjINWrvuTufIGCwd0Zw="}},"q/VTh6mjMjYEjP9/njGp+VRS9UlxDjDuH0cmBftsSb8=":{"valueMac":{"type":"Buffer","data":"54AUBFChOA0xqgf0ktdu2HE6yMT9igLmkesG4OE79/M="}},"tkZ+ap/uyzMYhvmuFiShZlctE34x5jCncVL5iOC4rk0=":{"valueMac":{"type":"Buffer","data":"Dd+2ZKNGrhe2PbJvaIPQFWJADX9D+7MBiq6vUEdxaSs="}},"t5qeOLfEIJotU89PhqdLzcUs7ytD5oJm0SLKfSTIo1g=":{"valueMac":{"type":"Buffer","data":"E7tOyWmESouhanN9tGl764a61UrZtW+ww278gWyhybg="}},"uYSjCJWeq3MwiPxv9gpeTDozD0ImC5ssQxYNR6CleHM=":{"valueMac":{"type":"Buffer","data":"ZH4Py6uCKn33+j87wtFjJfFwQX7XtL6fDzaAfcDV11k="}},"ulXFXP0zICHoXz4F/VNc6VvxWll9Dq0hBhS30+GbDsQ=":{"valueMac":{"type":"Buffer","data":"LwphLPy1AvNy1fjpKx542jR0CpIGyw2NzZA0OSaeY+M="}},"v/6iEYaR+BO5rPuZQlS46xCzT+6eS3PQQ+tl0mS9KgE=":{"valueMac":{"type":"Buffer","data":"82o4jCvdUbRhWo7DXRmkSnvgSI6hMLK+xwRUHanthUo="}},"y1/266zLTlTKe6FL/rPv1Z5PLe+ecUSnwOlZWGXleeY=":{"valueMac":{"type":"Buffer","data":"3rWRgqNrKymtVJj/K5NeFw2vXrjQ4BnuF0zb4Ztr/uc="}},"3lMtoHbfzLaky8SBnOvC5G5XdTRNkeqI0HBhmBQk4g4=":{"valueMac":{"type":"Buffer","data":"/E9m9A6C85MZGOrsmlb7IFK8qQXcYTtWint5mQ3fkLM="}},"4BNtFg8rxGrYO3PQJidVTFh42NRE3u42nitj60Y91G0=":{"valueMac":{"type":"Buffer","data":"mpYR+aDpOGrGwRNHh0AwCvm7fDxTDYgo1VV62PLNnhI="}},"5aGzSQ3yQ1TUVQc5uHEKfj0z0ziSvpT88t17JdprY0Y=":{"valueMac":{"type":"Buffer","data":"ab4XyK77BQNfbsxRxURvuQaZSBlOgKt2jX+PtZt6x84="}},"74ajFBehE0Rls3/WJCP0G0cBQ/ukvgmGODIq/PpjZwY=":{"valueMac":{"type":"Buffer","data":"MK15dxmKNcgMgScgM7KLEpFV2Hea1TDXmAOSsk3tMr4="}},"8ETJdcl61UDIxhdZdJhPPuaQlE9O+r+F4zNcOUQDSGU=":{"valueMac":{"type":"Buffer","data":"QlcByR1Dq8jzm0K9vuCRUE8wAf+P30TO8NtyXfpK4J8="}},"XYNePPrvuneAkN1sEQmG15b7j3LVtMpK9SmmSyu0hkY=":{"valueMac":{"type":"Buffer","data":"FROql8pVQdDdddVJ1GGpqjahAXo19OeFQFluLmdxO9Y="}}}}