{"noiseKey":{"private":{"type":"Buffer","data":"oCLUWCrKDmc/UqGaPHVbzpMeRbGK9zYs54jOjGnkR2Q="},"public":{"type":"Buffer","data":"qiCdcD3Mu/JRn7JF654UqI9jGFNZfn/WROLAhd1zdV8="}},"pairingEphemeralKeyPair":{"private":{"type":"Buffer","data":"6Dw+ZCu3d/u+QweDQbfIfz66WqLx5+Z2f9tc/jYN7V0="},"public":{"type":"Buffer","data":"zUenWGPSRYVGRd1ALKDk+8xXoLtf+PhtznJ2E9dvLVM="}},"signedIdentityKey":{"private":{"type":"Buffer","data":"gLmEEop+zqhz9kTnVBUiqA0Qrb9QbjedIqkQvXTda3c="},"public":{"type":"Buffer","data":"zZyQB/0Iba/CMxQVJnFk584pi1i7NkD5c2Gfc7nlzE4="}},"signedPreKey":{"keyPair":{"private":{"type":"Buffer","data":"CBJ/ljcxqTzXjdKJnLjnYBfVHnQtNrNT2WrWDHP7fE4="},"public":{"type":"Buffer","data":"W5tIsjic2UJpRFiLy3kGpkKxGxsFOAo42jS3cv5xskE="}},"signature":{"type":"Buffer","data":"NxSoMoJOAn8JpwUHGx2yU4i1GfFBz7jPRb1OFnBGx8Z5u767zpgc3bEWoiCnozJHncpAtI2mp6fb/gyL3kSSBw=="},"keyId":1},"registrationId":37,"advSecretKey":"oahvUPo9qvE6q59U17BarQTqK0A2twl1eClnhBcSuNE=","processedHistoryMessages":[{"key":{"remoteJid":"6288297563383@s.whatsapp.net","fromMe":true,"id":"1D5146D6191918DD47B75F2968827DA0"},"messageTimestamp":1709215680},{"key":{"remoteJid":"6288297563383@s.whatsapp.net","fromMe":true,"id":"D5C9B76B92FF9B6E8842261FDA3699FF"},"messageTimestamp":1709215680},{"key":{"remoteJid":"6288297563383@s.whatsapp.net","fromMe":true,"id":"8EDE8D930AE558D1C500146E40072FBF"},"messageTimestamp":1709215688},{"key":{"remoteJid":"6288297563383@s.whatsapp.net","fromMe":true,"id":"A77A4B68002D7A706E17EF3E0E82ECC6"},"messageTimestamp":1709215691}],"nextPreKeyId":31,"firstUnuploadedPreKeyId":31,"accountSyncCounter":1,"accountSettings":{"unarchiveChats":false},"deviceId":"tyNSyD-bQR-zRnpjJC1lhQ","phoneId":"49a74e89-d912-44ce-bb8c-189dbf153808","identityId":{"type":"Buffer","data":"0jQjIb8Q5elJdn6zvklaH4ueMTw="},"registered":true,"backupToken":{"type":"Buffer","data":"pwEC78eed9r3BFV9cAKpDBSbXzo="},"registration":{},"pairingCode":"WZVSNCTS","me":{"id":"6288297563383:53@s.whatsapp.net","name":"TAKIA STORE"},"account":{"details":"CJLgwcgBELqfgq8GGAggACgA","accountSignatureKey":"isdqiiCj2egiu7tHBSSNWG5dqlBggFQfHsJWWm1Rzgs=","accountSignature":"lyCQaBc/g7R9fOtbG2RxInJWOX4EFIG5wkUMczQQ2eDjRl3R41iDWlQ6/iQJWV//81bckGFN2++XxTFXz/BHAQ==","deviceSignature":"n5pQzg6NCYfrM8UjVIGggvFVqXJZjeFs9kzI72+uyqJz+1iImob8Be7j6eQKHhPleQgfeoQpB+iRyDQBjmjwAQ=="},"signalIdentities":[{"identifier":{"name":"6288297563383:53@s.whatsapp.net","deviceId":0},"identifierKey":{"type":"Buffer","data":"BYrHaoogo9noIru7RwUkjVhuXapQYIBUHx7CVlptUc4L"}}],"platform":"smba","lastAccountSyncTimestamp":1709215972,"myAppStateKeyId":"AAAAADy4"}