{"_sessions":{"BVhsL8X3jnx0hc8GJHVPZe1dztV6bZuTHyBvdfySCL4I":{"registrationId":1978593734,"currentRatchet":{"ephemeralKeyPair":{"pubKey":"BbsOAOOe7jlUL24GDl7g8r1hUF/YjqIRiYBoOwK6pwxc","privKey":"EE6ljYd3uECFN6nElOVxSM3l8hXWaSNQjjdoo1ZNjmI="},"lastRemoteEphemeralKey":"BX9k+6WdthGbf9hyPRD8+1nJge+xyxL+Ogc+5q9quwki","previousCounter":0,"rootKey":"MY0yaHCPYPMso5hEwdiMG7+5H8WJQ8oTWEfMxwV0jGo="},"indexInfo":{"baseKey":"BVhsL8X3jnx0hc8GJHVPZe1dztV6bZuTHyBvdfySCL4I","baseKeyType":2,"closed":-1,"used":1709255355656,"created":1709216064749,"remoteIdentityKey":"BXhxosN/TCyBzdaDBWHvlSGgG0vrJn0GDOxz/W6mgo0z"},"_chains":{"BboXjo+N2AZ+JYz2xn5Zq8fpOvtzbVw7k6pPyH9VINUu":{"chainKey":{"counter":0},"chainType":2,"messageKeys":{}},"BS9R3z2SRUEuE3loZGPamacglzRR2hZKpLT/j1VqM6oo":{"chainKey":{"counter":0},"chainType":2,"messageKeys":{}},"BYox4r7nqN4OZGhKNNI9N7Hetke1/6FSfdmlxksgUK9B":{"chainKey":{"counter":0},"chainType":2,"messageKeys":{}},"BRLUOzVs+VztgYTg850BHsKb3DosWzppcgVVcpEIhqJR":{"chainKey":{"counter":0},"chainType":2,"messageKeys":{}},"BZRq7AVU4Cgx3rQMWrpNnLZh7zErTtT9AGrPLHAfVH5k":{"chainKey":{"counter":0},"chainType":2,"messageKeys":{}},"Bc+99sOGvA6NZk6yArudAI+egjumzJ8s+e5DhbjaduF/":{"chainKey":{"counter":0},"chainType":2,"messageKeys":{}},"BVBY6IolPlnCER0h0Geyf3MscbLuyMKGaQ9+MjLFIxYA":{"chainKey":{"counter":0},"chainType":2,"messageKeys":{}},"BUX2Zf38u/AGHNEGNl/EexU+HcXHzpGWc41Lvl/qniEg":{"chainKey":{"counter":0},"chainType":2,"messageKeys":{}},"BYWS2PLcJInWc7lHHvxr6Cof11zG++F5lawuikfAiKIy":{"chainKey":{"counter":0},"chainType":2,"messageKeys":{}},"BYZLON37DiNSahdCFUmNR8g+jCTf/79CZxvEVgE9daJ5":{"chainKey":{"counter":0},"chainType":2,"messageKeys":{}},"BXhYIglUe+DYJQkgsaaGTnCfQwLmsMRJtSJvFt1LVqEP":{"chainKey":{"counter":0},"chainType":2,"messageKeys":{}},"BTXW0BJKwgp5G4AXq/getkqLIOQD1zFepLDAefxybDEa":{"chainKey":{"counter":0},"chainType":2,"messageKeys":{}},"BeXqdyx4guB79AVo23q3QjOzUZ4jDkGh2HHQysNK7Qt6":{"chainKey":{"counter":0},"chainType":2,"messageKeys":{}},"BbYfirrqKsdpg1hSM43HETUumIdGYoRR15x46drzKWcF":{"chainKey":{"counter":1},"chainType":2,"messageKeys":{}},"BWSTk56wV2F/llRrgvkq+dYYvPYhPfYYYRdnMXmgsE4+":{"chainKey":{"counter":1},"chainType":2,"messageKeys":{"1":"SeDPNzz19EflwhRdYqs/2mIrYM5fe7mWi7AlbZ8ig1k="}},"Ba/ncMezvbaYNcS6A2BhdngRbrH1y1ZzCQpp+90P1oZ2":{"chainKey":{"counter":2},"chainType":2,"messageKeys":{}},"BR+cQgmP1ylQ3h70lAfyUZmMvB5OII2Bl9fhjHhLEn9Y":{"chainKey":{"counter":0},"chainType":2,"messageKeys":{}},"BaPKIiAg3jFVHpTsvl9NS/JCUvDVs6QdVTRXoh31wnhy":{"chainKey":{"counter":0},"chainType":2,"messageKeys":{}},"BU4PevMGyRwL4yO4ALpA/l5gDdoGkydEYEfriotCE7V7":{"chainKey":{"counter":0},"chainType":2,"messageKeys":{}},"BYpX+6Ylli268AYHvZrbvtlrrNuuB5RSxkAF0IweH2ln":{"chainKey":{"counter":0},"chainType":2,"messageKeys":{}},"Beyy9Z8u1TfnwJd8+egzi7BjBK/sUCugKmVpo2tQKlcA":{"chainKey":{"counter":0},"chainType":2,"messageKeys":{}},"BbxmRHzhGBgltCIabdskI4moT8OETjNWqZvJLuRHFi0h":{"chainKey":{"counter":0},"chainType":2,"messageKeys":{}},"BTkSZPyMQOJ3cA9Iwy9OXTHkEcbYPDvvM0s+1GEL759z":{"chainKey":{"counter":0},"chainType":2,"messageKeys":{}},"BZfEYlEx7dOapC55HWh2yS7A/UI2y51381yGqwI2Fnk3":{"chainKey":{"counter":2},"chainType":2,"messageKeys":{}},"BcIS+yqDj7AMt5Z8c45lKBTSXHDBPgCc2FvqxbxOQw8X":{"chainKey":{"counter":3},"chainType":2,"messageKeys":{"1":"wAsq4KzvTaqCYReajhCvzN4KuvG/RVGUhOP2YA+dNTA=","3":"eAN3052rCVZL6RgEBt+WJx3fRwN9hYuJe4ffHqWQ5aQ="}},"BTVUfTLP4k1raUWcSLfyDEhahpJ2nJS43gXoeSZmzZNW":{"chainKey":{"counter":1},"chainType":2,"messageKeys":{}},"Bfo26dD+Jh5MnwI9eHxoxJZQ/3V7+/KpSMaWaQmKMlk7":{"chainKey":{"counter":2},"chainType":2,"messageKeys":{}},"BQpA8VF5qAolRxyeJy0qUL2hIA9Hzun9uGpgUJtyTmse":{"chainKey":{"counter":0},"chainType":2,"messageKeys":{}},"Baoyx/cl9shBQQp+9b6gm+dXo/GER019s5p9CSOvue8q":{"chainKey":{"counter":0},"chainType":2,"messageKeys":{}},"BeVzrmH7IW8HP/JBJjuu0lB+YX3jdyXviQvNiJsMmF89":{"chainKey":{"counter":0},"chainType":2,"messageKeys":{}},"Bfgp+onjsORYzYw3oPDd2t9JLvLdRej+1MyQgxsyhHYp":{"chainKey":{"counter":0},"chainType":2,"messageKeys":{}},"Bc80crZZ1I8MOH6FSIerHf7uBt/tbdbuhNmoifHpsTAu":{"chainKey":{"counter":5},"chainType":2,"messageKeys":{}},"BeAr8Ltw1yqzlnt8J/QuCxNfuJlEx/P6/AuLYrBlW1Yk":{"chainKey":{"counter":0},"chainType":2,"messageKeys":{}},"BRlzqDCMxuAbaaI5NwTPQM+W/w9mk96NvJhtbUnWjFt8":{"chainKey":{"counter":4},"chainType":2,"messageKeys":{}},"BUXTj0Pi7FAiIJerC5ER3IZvA4eOP+tkSnDMw62NFy0H":{"chainKey":{"counter":0},"chainType":2,"messageKeys":{}},"BRTQsfNzfJ5KxpVALzKyb6GzvUZMYJCplxGN79hPpfE8":{"chainKey":{"counter":0},"chainType":2,"messageKeys":{}},"BafRizq8eUDWjKMg5UDrAhR+hv+IRmztQMP2C91leIwd":{"chainKey":{"counter":0},"chainType":2,"messageKeys":{}},"BTU52s6zeOxum+2chU4RPb7OTQt53Ol7c7LoAJDAXI0I":{"chainKey":{"counter":1},"chainType":2,"messageKeys":{}},"BVqjHzkZv7tXerNHwASFy4UOWOQJ9H7n9VNXHZTJ3Qtw":{"chainKey":{"counter":1},"chainType":2,"messageKeys":{}},"BYmtTdVed1lkSlfgPJxG/tv+DCrZt3a5w8vH8tyUpBgG":{"chainKey":{"counter":0},"chainType":2,"messageKeys":{}},"BRgVLJg9+VImPkBnpxUwZtjsiLH0pIi8MkU7BlH+aCQ3":{"chainKey":{"counter":0},"chainType":2,"messageKeys":{}},"BXRWg1N0aPMUmmcEkBoiPsGrbvEJqYhBdMLFYlf5B1gU":{"chainKey":{"counter":0},"chainType":2,"messageKeys":{}},"BXfwieJo6ZxBPGkWkTYvm7SY2DKxOVmYiWtiCcOidF0f":{"chainKey":{"counter":0},"chainType":2,"messageKeys":{}},"BVVmCXApHgJVdm8l/KraHd1w0Yw878uzRwzUx4S3/40K":{"chainKey":{"counter":0},"chainType":2,"messageKeys":{}},"BSvuULDXdERVGZ3kdWByqPM3OZZaEUTl6LB7nmKub9A7":{"chainKey":{"counter":0},"chainType":2,"messageKeys":{}},"BfdSkmALgNPGypspXZhLXuHrQj1B/9yI+JSaLzL+nPRF":{"chainKey":{"counter":0},"chainType":2,"messageKeys":{}},"BdlHH2kbfIdb2unCsN0Rr7O8L1+WK+loE3q9e5q2PScv":{"chainKey":{"counter":0},"chainType":2,"messageKeys":{}},"Ba023dKolgNz9yZ3MYaCc6ytQ2ehkqyp7MNPqYeopOUb":{"chainKey":{"counter":1},"chainType":2,"messageKeys":{}},"BamN26uVcU7vYKBJ+UjwGofpA4Rtv7H7MdMjUs7fHrxm":{"chainKey":{"counter":1},"chainType":2,"messageKeys":{}},"BV+fVTOsyXH+MhjVXx7b4jihjfAb4DHlKkAE/tbxasA7":{"chainKey":{"counter":1},"chainType":2,"messageKeys":{}},"BSD/4v0E8r2B7WAIAvXm8Yfqb9JZnKXV1X23+KsvgNJp":{"chainKey":{"counter":3},"chainType":2,"messageKeys":{}},"BY+DUyQW6TfAyELqb+1nUwBgUM0DjaIH8obI/JDgQiwM":{"chainKey":{"counter":1},"chainType":2,"messageKeys":{}},"BYKQPGUKj7f3/AErJajvXY28mqRO1adJud8n9WsNCNAu":{"chainKey":{"counter":0},"chainType":2,"messageKeys":{}},"BXTBfATuOrTxYbna7AUKk0JHp0Gs0YmFQsE50CKGG/RM":{"chainKey":{"counter":0},"chainType":2,"messageKeys":{}},"Bc96WAz3hXUapXOKG36zzddqf/kNA5Kniojd9PmaGzdZ":{"chainKey":{"counter":2},"chainType":2,"messageKeys":{}},"BQwmaLn3d9U75Iot04RyNQLZN50+4N+h5okzQeryBCtT":{"chainKey":{"counter":0},"chainType":2,"messageKeys":{}},"BR1xMIjzl+plE4AhYr5RjIvbXruJCgVIS+C/PauNSwED":{"chainKey":{"counter":0},"chainType":2,"messageKeys":{}},"BX9k+6WdthGbf9hyPRD8+1nJge+xyxL+Ogc+5q9quwki":{"chainKey":{"counter":0,"key":"EWkb6WVY/x0byBzZouEytPVb6II9dyWRaAf8mK1ZCcI="},"chainType":2,"messageKeys":{}},"BbsOAOOe7jlUL24GDl7g8r1hUF/YjqIRiYBoOwK6pwxc":{"chainKey":{"counter":0,"key":"2l5h9uEzV9T/ioUCoeGv1Q+V41Qc8ICZQliXh+nAch8="},"chainType":1,"messageKeys":{}}}}},"version":"v1"}