{"_sessions":{"BaP6R7lxxU6e9Gu8qnq+tLi2pR9J1i403Nih7DmZRA8c":{"registrationId":57,"currentRatchet":{"ephemeralKeyPair":{"pubKey":"BWcj+BLSOiJfnasX53KjXivHv7ZtcG/sX+6zi1Y68clt","privKey":"8NSDrf/J0i9NYFE4uAotgK3D4u6d5Ffx8WtLLWhOFE4="},"lastRemoteEphemeralKey":"BbW0HQ2hlMvS4Yuhx6CNblPvW8ImLPeVlxkpxxbfmOUc","previousCounter":0,"rootKey":"ZEUyzbJDwUS1Osm3pwAkqpB5WLcb8dCVqG8FncEufWE="},"indexInfo":{"baseKey":"BaP6R7lxxU6e9Gu8qnq+tLi2pR9J1i403Nih7DmZRA8c","baseKeyType":1,"closed":-1,"used":1709215714455,"created":1709215714455,"remoteIdentityKey":"BXqdpOgu05iC8YN1qdrNpaIVpErOWDe5R0RG3f2SF+AK"},"_chains":{"BWcj+BLSOiJfnasX53KjXivHv7ZtcG/sX+6zi1Y68clt":{"chainKey":{"counter":136,"key":"Sm/8wPfxK5c6EeupQ4t0QhxPIUdrCJcFhxugzgnn4YI="},"chainType":1,"messageKeys":{}}},"pendingPreKey":{"signedKeyId":1,"baseKey":"BaP6R7lxxU6e9Gu8qnq+tLi2pR9J1i403Nih7DmZRA8c","preKeyId":72}}},"version":"v1"}