{"_sessions":{"BTPX1O7W6Wp+VYeUpVWamf4N5/qhsot0JXtEfmbMCk1T":{"registrationId":1853523521,"currentRatchet":{"ephemeralKeyPair":{"pubKey":"BQ2opWQt7vk0xA3RpjpI3ENRRha970xn/JNCfqluOL1m","privKey":"OC+yjuFZD5JkzBcpdlnC+Rx72cfNVUl1QnoNnqSlIVo="},"lastRemoteEphemeralKey":"BZhzpyoWWh85amDTy5T6tXeSDHraW1xZGd1J+IBl9lgb","previousCounter":3,"rootKey":"rNLSRE3SDCGopcuBVkf3cKFRhoG2qXN9G8FbS4wKqKg="},"indexInfo":{"baseKey":"BTPX1O7W6Wp+VYeUpVWamf4N5/qhsot0JXtEfmbMCk1T","baseKeyType":2,"closed":-1,"used":1709215983564,"created":1709215678036,"remoteIdentityKey":"BYrHaoogo9noIru7RwUkjVhuXapQYIBUHx7CVlptUc4L"},"_chains":{"BWUEuKEN6bes6LWMVpZEItKtHjZZA5D5hQU11NUvutMr":{"chainKey":{"counter":8},"chainType":2,"messageKeys":{}},"BRZvTCH3NlY2nCwJ5p8vyYaIh98BR9I4imuY92157KZ8":{"chainKey":{"counter":0},"chainType":2,"messageKeys":{}},"BZhzpyoWWh85amDTy5T6tXeSDHraW1xZGd1J+IBl9lgb":{"chainKey":{"counter":0,"key":"4b3+BF53Gb/dYs+zWeEzdPmP+JlGe4tMhh05Bey8pZU="},"chainType":2,"messageKeys":{}},"BQ2opWQt7vk0xA3RpjpI3ENRRha970xn/JNCfqluOL1m":{"chainKey":{"counter":132,"key":"Yaex56kvLCPbC9lrpNIwAWyEfof8lexG8mAp72K1zYU="},"chainType":1,"messageKeys":{}}}}},"version":"v1"}