{"version":165,"hash":{"type":"Buffer","data":"hI6Xj7GeXS3UkRkt5S2sg8HowUXXnn0xeR8dMW1+8vYQssHs8ruU0ZK2dOUKpmEMRwHhu3H5i1UVp/EDYX2zB8UADkjUrksU1iMMIqx8LjD5AVs/E5CJJcJmuflGp1iXiJNbrKjmxrMY0/zAXQjqFs1MeyiaU+zD75Lbl5XA55M="},"indexValueMap":{"AIbfTeHQnhXfr0faLN149l7bRAO914CIS+IIE8Vyfpg=":{"valueMac":{"type":"Buffer","data":"Z/Yf/0u4qM1PqRu6KWr1GNB4DDNghwFSrMsV7IbQdJQ="}},"AJo752bRIJVAQIrfTvNwInea6z7UGQ4r/nQgP4LQ9x0=":{"valueMac":{"type":"Buffer","data":"EuRt3FuOYYW40aF1xmOUClniOEx+g/0ZGytmlPZI/fY="}},"ALT/sLMY0OiM74mAZpoo9YYOw3QqHH5Dge5/rFpJrKk=":{"valueMac":{"type":"Buffer","data":"Fg7TT2y7fa3OcqAGHgCtkvwXR0gW1MU7kjiTbpjDRWY="}},"APj19xKtadFMEIczrW87BQPY8E8tLQNxAdU4BHMDeqo=":{"valueMac":{"type":"Buffer","data":"yohuHNenWJZlgu5nsAqSEu8iUKfcQr3QWxtp2qvg6QA="}},"AR3qF2go+TwgYJFyNzuvGhM0UdOTXL4nXLiW0tcc7XE=":{"valueMac":{"type":"Buffer","data":"tAQ0FfcC1oqJ91aVIECkqi63YMecGIDcbdZoRg26Cn4="}},"ATaosLsHMmB8cfnvBWFiHhR2TZJj5vTtgOy4qLax22M=":{"valueMac":{"type":"Buffer","data":"KANPttfnQczIwYzzYaxrch4Mm8MX2tkvoJ8MCfDsG/Q="}},"AaCeUBN0gQc4Rkm0noXg8QbUKsC3701B3m9cv+KthgQ=":{"valueMac":{"type":"Buffer","data":"WGNWRywV5lJMP59fc/n86UmiuOsNJ6ons0TH0Wto5d8="}},"Ada9vwZa1GOfPyvUWPSwGxUrpznHTsru8+jAm+Ux3GI=":{"valueMac":{"type":"Buffer","data":"hIFi5L/XBnZrAZByV4D0BCaV/qeIt/3dvuOm7RQP3lQ="}},"AzXbvCKw3wB8X3f08AGsn+jo7yRBEPGaUZCIgMphOKM=":{"valueMac":{"type":"Buffer","data":"+N7+nZjNb/DUZB4F6ryKhGMfeVeOMQbpbM6D9VH1fNA="}},"A7ltpV1LlzPvfs6SkDBOxEMtwDlaEKIYeqttY6oIbSk=":{"valueMac":{"type":"Buffer","data":"tvX421zTyUnANT/qzhI16NvVO/JC+FOX8eGE9vnYQIA="}},"BJmahRWxgz1qmZI1WkoDwF/cz5SXqtuddi0H6oCgXnc=":{"valueMac":{"type":"Buffer","data":"DoFS3dyNmrgb4yK4hHkkWOFaSSarzQQygk9Ifer9epw="}},"BRRLpgAyBHjP8xvhkToIGV4OulQbcksye39QWBAqyyI=":{"valueMac":{"type":"Buffer","data":"PJLVQnwEN6DGHmKqr4/5dmHObB6wk0ddB2dFcpd7bkQ="}},"BYvL/QrLOHYcAMmMcWoE7uN2YIj1M4FtJdjWSFMV8wM=":{"valueMac":{"type":"Buffer","data":"TovPBmT/OddKuzH4l2eitLb27NL2A7KbsuDEM5Um5yo="}},"BZ8M/mxLNNo4+MjTk2XxiaFKRdCnilg18VYeGfY4oec=":{"valueMac":{"type":"Buffer","data":"MRM+U6gC2NaEfUpzogsOX1TAkHQOxrm7wZTgn0nHqcs="}},"BbvlM959QJLZZDF5cSNGcJ42cgQMKxfek8/UGpiTOdE=":{"valueMac":{"type":"Buffer","data":"jPZ6Uoz3mpaYr7hTArV3FvMgDf0UqopqL5DqAHzyswU="}},"Bek01VT0bh3pRcGZOD+l8jkKh0SPmJz88QeCAqR6Vq0=":{"valueMac":{"type":"Buffer","data":"Yv4c5lNxs3vzCt04z89s6PMfCoWdRNKtdq/EZwQxhWA="}},"Bj//i80dAHzo8ToDuzSvtubOtriUP8gbipmN4WMNXIY=":{"valueMac":{"type":"Buffer","data":"6CL3GJgjC00y2nRNBwwpV3wq8oq/SREgjFqvoXklYio="}},"Br3W7jYKKPmgQLwWt8QcwZbb9XPu6/qlQg3yupu5dug=":{"valueMac":{"type":"Buffer","data":"zQxyZ2nbqx8mK6CQmgPQyZyvCXD6WiHK9JcOTpQcizk="}},"B1jy9u/1YSKn9ItTtBgb5aXHth+kn45DMUYA3viHzCw=":{"valueMac":{"type":"Buffer","data":"yKQc5GFSUJRvB78Dm2pC+LWfvB5Vq1qclAZfTjshyTM="}},"B4il7AAYgnHzc385HEPXK7BUNnR4Wr9qapzLvbR6NsM=":{"valueMac":{"type":"Buffer","data":"p+mKDJ4cjkTLl9+lhpACEK2qHeS04OfJ3aXO806WM3w="}},"B8A5vHLGPaFDdDcFCb/jnISChcvs0O7rMY12r5n53eY=":{"valueMac":{"type":"Buffer","data":"E7Yhu9B0fDGVBUOh7oIHCwrHv3s6SZZhCv6p55zCNPE="}},"B/GOFVhTIP7VwBURdHL6ZNnF22RSlQyOJcaOYBVteKA=":{"valueMac":{"type":"Buffer","data":"ho8T3MTpRtnKqjmPpCrH8n754s+2F7eZkx4ZwCrenu8="}},"CARrdFnB4vht6aB5Wzqts02OZbDEku7RNzMuZ5T9Uuw=":{"valueMac":{"type":"Buffer","data":"/FGnInUdjQ7enw4WAVz79JJxaqX1l4gZZDM4Q+zFiS0="}},"CBJCaKpjmC5VX3eIaU33cxv/vsC0gqek2lhw185qv8w=":{"valueMac":{"type":"Buffer","data":"EM64F/M2MosMscFWoKsxq9HWnO4pmdcTGHWOkOuNXNY="}},"CGl+pagJAL0lRfmYE99mPp8Hutytq1Wpg0wraFPrYFk=":{"valueMac":{"type":"Buffer","data":"K5O9jgtRduiZGmByFj5D5Qo/QJHvuElxPvG0E6qgBzQ="}},"CK4hIkzWW6hlFBfgzOHAiflHZfQs6hyIA4AfJ7P4ynA=":{"valueMac":{"type":"Buffer","data":"wKaqsrFeG4FA7pPvvYkEtzbpNLAxMPyRrmyvDzcFPVw="}},"CLN+5EAIRtrWaM7t/Hrqky5LZs0AWGm9YIWe0X3HDnY=":{"valueMac":{"type":"Buffer","data":"DFwvbAciR8pnHt9NxqsVlF7NafGJ/C7LAyhYLVMHKIc="}},"CLo+OkmNInEs8CVRwuF6HjYlO9JRa7jm3gS/NsaatlU=":{"valueMac":{"type":"Buffer","data":"eDPkk79ZkbvfeHjORZRSCnEh+0Wm/xa4EWoDyh6JlgQ="}},"CP4ZBrBYJNqMTLEkdk6Y2O8So7kVIri+1VaEcthrA5Y=":{"valueMac":{"type":"Buffer","data":"70/VsP25Kx3ujR1RLt2FBnTjfo3Lj4xcGD/8jEYrv7Q="}},"CtW6MFVIOFxU7MFBc6tg2u+qaRS51vOpU5aJdjcs1Wo=":{"valueMac":{"type":"Buffer","data":"CXIWTl4vG1VNfNhFRfIqARLdfnpzrrsrQq55Q1kmCRE="}},"CuxHgBl7eMJC36zlVfbsIk2qIs2ep3y635eXUut5Ekk=":{"valueMac":{"type":"Buffer","data":"OLxl5+kwnG11bUoHS/UB4Ws6UHM70EVWn/Nqe9Fw7p4="}},"Cy0dg/n8W/QVTHi/Sa1r+NxiLfQa0N2zDdnZYg4RFhM=":{"valueMac":{"type":"Buffer","data":"Uo3OPk41MqhbtAuuPqTQFXoR8S+5hWJfPwojTQEFuT8="}},"CzFJoI0PzzHmlsf1CJkLHdIRhc7Rray2Jt5Wu82Epag=":{"valueMac":{"type":"Buffer","data":"GE2pozkm3S49pNBsaT5kRy8ZQYYRjGc5S69qsZGvqFE="}},"C1yXWFcJ5Xhwfkzhsc2L4fukK3U3WHMLsZx+sYeNfcg=":{"valueMac":{"type":"Buffer","data":"n0pcugFqL5Kku6R7fvs8jPwvW72tAnlgUYABO5DYLas="}},"C6CrqqRhblfThLXKlkFqzDRTDImtk2jmrrKNAPsAhx0=":{"valueMac":{"type":"Buffer","data":"fifaADpJpDcdvn3QG+1eUFIq6bUDp3gYwbZkSts9Lw0="}},"C6djqI1KhuHk50dDTuFaG/vGoIonVN6DnUCH0f2MjbA=":{"valueMac":{"type":"Buffer","data":"dlBQ53v2/9d0pgj/P+/uN9dNHXcQW25M4B4+gNOuBbE="}},"DFcWsSFdfAhyqK2znOD2Gs4xA1BlXDXxtf2IJ6HA180=":{"valueMac":{"type":"Buffer","data":"IDV/ip7MnEaOrdH8N+uZ4RUE3xXMUqam5rG2OAOm8EE="}},"DGSQmWmQ3NfYtRb2RncdB0zUZ+vh/V6OtTbePyDlrEw=":{"valueMac":{"type":"Buffer","data":"X3ihPk6YZqy8qEl2RqTctmXypnOhCoqDBGZSru88vP0="}},"DIyVsZei/CIAf5UHH/xmpcVhDB5x4m+nC5OxbgonDgw=":{"valueMac":{"type":"Buffer","data":"v7Sr6fsjBchdygsJHK5ZpxnuohihoN7G+byOAJwzvxo="}},"DJWnGnLy/Wzp8hTKV3EWjsZYFcqTfp4xJjefi602E7A=":{"valueMac":{"type":"Buffer","data":"efl5g4VkbyPeLnKBQJAH7tvtwVD4yrvh97asxkVnPwo="}},"DKvvTETzBGyEHeC+tn+PGIIeTzz00HxeUCBm/hT521Y=":{"valueMac":{"type":"Buffer","data":"kNec6cqpHDTjekBGHTInbiCcD1zosDmtrv6uuuwlzy0="}},"DMnyZvp0HKmNJwEaHPH6DuegGreL/1Gfz5xIM5bJysw=":{"valueMac":{"type":"Buffer","data":"aSYroCVpxIx2Qpz38SUxvcWC2uaHX48w99T8GAWVn4E="}},"DPDaEgEg5HhO1gUlL/f+B1tGrr7oEsfyFndBB5tJaGU=":{"valueMac":{"type":"Buffer","data":"2V9SS628ulW7S0/gyXs5ozEi5BBpIJ0pMZDy4FSJU5o="}},"DPYWb+WH8aQ2kplqMG5fyqBJypW9XfxIYCeY+DClvww=":{"valueMac":{"type":"Buffer","data":"PdPvpz9FNxAbaqykaZoSMMkOpaGtZdsEwkcFJY1z3bg="}},"DSLKBEDTCiaXobm5fryE7J1lWiBOFXec/OckD9zVFVc=":{"valueMac":{"type":"Buffer","data":"BoHKNuBum0FMD4n7RWPDPP+9RBUQJwKyaxOep2Dx/8c="}},"DXanJMa3z0VHZqXTKtbcF4SfJookQOPFwYiwYWnU0NA=":{"valueMac":{"type":"Buffer","data":"RFj1hruCMXeDoA89fCU0YgmFOXSqoEgcrPKHMEA72uM="}},"Dh5OySnOHTObbA4Yr/h+/F2vCaqpMzIfw6AxXfP2JRc=":{"valueMac":{"type":"Buffer","data":"L1GWmM6otVTbuesd9jF2hes/jtYGTA4FQUuf3HyYt3w="}},"DvCSQlwoS5iWRm1R7+5g86cMuHd4Q2PEdPi14asCtkE=":{"valueMac":{"type":"Buffer","data":"840zRRp5y6ZEzlm8AbeWO4SCDWCgrXzHcjVWgcedjWA="}},"Dz5fecpS7el9vaMUG/Y+A/CkZEQQY95J5jqDEPQpMjE=":{"valueMac":{"type":"Buffer","data":"K6aqy9cq+LEgLKu8wVZOO+D6PvHNrUNVivF8IrTXVPQ="}},"D0LxKKG5SP3Qr+oSVahcJKN/F6DuvakGqH+eKfdNnP4=":{"valueMac":{"type":"Buffer","data":"FQIREGyiSiLPTThDL8CaHSmXERh3u0T/1QSkBSDuqno="}},"D2Rxy/nYQlSuriiY9wAcSF7nz3BHg2CTq2p3iJP+KDU=":{"valueMac":{"type":"Buffer","data":"dCg4ENwvEd3aVH+mw8C/0qO0QRJtWC3R9BU81LXYtSI="}},"D4/sitANwJ0jjwI0E1tpX43ko0Wp+17F/m7FydMulto=":{"valueMac":{"type":"Buffer","data":"e04O5U7sVQch0gcCXuj5Gi9V+r4g9BHdtIW8hfRpRuE="}},"D5IeDsXckwJiVrJjiCtv78yYNhIIYHs2t3E1M9Y9Bfk=":{"valueMac":{"type":"Buffer","data":"d0MV8UTKoq70kgJA0ZefOAwOvHJb0fyIKwmNlgidAqY="}},"D7esPamtEuN26shBFHY4tged1cj9MY4yR/i/f+avMrU=":{"valueMac":{"type":"Buffer","data":"GiEupaRDmsdcWmF5gRlNWK9Lx2b6fzbOxVDrCQc1Xwc="}},"EBtPpqY2v9GUcUPHmuVqkGYzmt9xJ6lxezwgrGDVi3U=":{"valueMac":{"type":"Buffer","data":"Gwic5258M5ayP/ZdmexevrIuJqv22yYsl4ie9PFuKO8="}},"EFBpsmffqrL3qgE1uAoCSXWrB3AvwUuvYQtoc2hWfco=":{"valueMac":{"type":"Buffer","data":"tO7KFxJ8HwuZZeA5OM83buvvPlo1S7Shsef5zPzIv3w="}},"EF7piGMD9Y6LrnPf6cB/DtPEW7fdr4wo4LFWjWYPMck=":{"valueMac":{"type":"Buffer","data":"TEP4dr+FdzCqDRjIqQb6Z8xM+Va/if4xXNjkcU4whDM="}},"EIHUOHgiXZHX7V8x/iUT0A5B6rspJ6pIldR5HgAZhHY=":{"valueMac":{"type":"Buffer","data":"sF4IrUsgRPB4U2/IVTlGIVQkId0StAfJfbeDbDdn1So="}},"EJAaxdmOcCS3IobomD3HH8GpY4plLrKUz8X9rzp+bsE=":{"valueMac":{"type":"Buffer","data":"M3nsq4IoO8C32VH/MZz1yWwaDeigZu//Lmi5noIQNcc="}},"EJUMAvS719Inbla1yyj6y3g2rIUc2PjqgUkTLXkipYU=":{"valueMac":{"type":"Buffer","data":"T4UzMuOsIDNpY49l8qdqhti5Nc6upTeFb/SqQHzpml0="}},"EOGEqmXR5/VNzswhOi2T42KBQGoxPl9BYYnHgUMJSro=":{"valueMac":{"type":"Buffer","data":"Yqe/rJjeaJpzd9TgpOKoLmObkRqE7oM95k2qB9w/9EA="}},"EcEY+BQWy8zJY4ZYUZ8HnXeZk3ANCMa/R8Cofr6nrX8=":{"valueMac":{"type":"Buffer","data":"NG3JwY+/l3Qk16/UUpujgUY62SXxoRdmsgaJrIDEDcc="}},"EkKcQHlpgUIt/Fc0T36eONBe8gRC8xACbgXqNvzY+9s=":{"valueMac":{"type":"Buffer","data":"H3xpTtIGbbhvsAclWVFzs11JmI2xpE30R4IJquE4EGA="}},"EkvlbfXywxWc41rFyHQlZPFhACZHjDvspPOwUTZVM/Y=":{"valueMac":{"type":"Buffer","data":"BuqfQGdKbkWBX9qxL8YXJRpPME1rDKhbnPinL4zhyPo="}},"EnhxdNqWTB2zT+9hUHwN3Gw3rqzMz5aKfoSurzFpfkI=":{"valueMac":{"type":"Buffer","data":"OteFJ4u8pRiCX9c6oaLONv/1nMoe4CvpIBlX6wOfPLg="}},"Eucw1icqwFcZCJVsRGJhA1SMZmFnFr0CyUCBlHRA6xw=":{"valueMac":{"type":"Buffer","data":"d2Kk1DIfMhvuQzZjFWvLOb8zbLrnAAJ2dwkX5KTd3AU="}},"Evu+Mza0N+7/RuFf8LKjifJghknpDxA27P/F+kvJ9bg=":{"valueMac":{"type":"Buffer","data":"Fqxkq4w5KzWGa8rdTJCO1sWLQsLICUsVphklU78Cg6E="}},"E09n5KYS57/h/LkZQKV6kQEM9sHC5z+ksM35+faFQQk=":{"valueMac":{"type":"Buffer","data":"qcZCi3XbL5Vd12V2DBVWYYGYefNnQZfteB1a3H0/7+8="}},"E7E6NfXXxBD7oB8fRorvsQEYhTdCA4RpKghX8LfKP84=":{"valueMac":{"type":"Buffer","data":"tPZNK1TflDnTY6ul59qzswf7NWY7KKWsmG8jB7+ETDM="}},"FJAdSU7g5t9gB/nBuduSJJjlSYNH/omzpQ/6/4Jv+uI=":{"valueMac":{"type":"Buffer","data":"VPml68EBGc13KkKnI3obWxOeyh6xlGN4TG3N2jhV410="}},"FdjAjj8Qf+CD6Jlu+d7gASTiwuEKg0yy0NTK1SFoYk8=":{"valueMac":{"type":"Buffer","data":"VkHbSMeaclb3Iivo/ADYq0eKEAD3Gwx41E4X0ozrS5w="}},"FfgdrtmHIojMh5zJUSFbSIgSMB+TF8RZ/lLiQG5NHrQ=":{"valueMac":{"type":"Buffer","data":"IZ80E1fdCovbtvpxsfoH3d8zC5w9JIJpOKZ6KU8ovjs="}},"FqpZiU8L4RdNNLnokLD+JYn02VxSfICAurMFmrcGiPo=":{"valueMac":{"type":"Buffer","data":"/Aw22CVQqlpBeCohOOWPyb9mNXRZwt/63dQAfxFBU7A="}},"FtP7bYbFwDVNPU0GkSbGdYjLpKXsiGZOKgV2mEgfYUU=":{"valueMac":{"type":"Buffer","data":"/HEYWtsKKsxHMyHQscZdyQFZZ5ofkWxNO3oxdGsgssI="}},"F0l5GBeMqABKKruRUO/9XUpx/05ezWioDpJ0tACF2Tg=":{"valueMac":{"type":"Buffer","data":"rfLpManOKS6LyFXFx9gmhEneyA7HV+repkROew95B3c="}},"F4xOf4UZlvbvVkIMh07ZvfXkMCR68lXBWGaUp/Ij1KY=":{"valueMac":{"type":"Buffer","data":"nXkqPNU2VgBUmdWHULEkmJI6s7BqmAB4TC06FgdgcyE="}},"F9JRLyKIFogv7mihiTXubQoBmYjdj2qzTq3DVq+NN7c=":{"valueMac":{"type":"Buffer","data":"CgsMqJtAfgvetA5Stz6alCYaDl4GJRzPu78AeaTXu0k="}},"F/Ax7k031FCIHyfFcwXT+ng+pc/axls4+M0mt3ej0qQ=":{"valueMac":{"type":"Buffer","data":"9Ne6BlKT0/NhyJ0/iDg00ZtnGBrNPFU2i2CTc+2ObcQ="}},"GIK5AQ3vcsmMFBas/zCJ6M3zlC1EcsomeINQzkHoDAY=":{"valueMac":{"type":"Buffer","data":"v9l/d+O/D/7BWf7+3JdTIAuF6Y2qXslr7f2ugFLJpGg="}},"GKI2xmanZ3VbdVmeoqQIhkoUQq/X3Vg2mfHYtUyBs7g=":{"valueMac":{"type":"Buffer","data":"5JaGCRpfGIsaU1VJnPksoF5gc7vhcBSVpG/Pdb8oy6A="}},"GMVzelbGzxdpsGBN0Y54T5HrpjypB76jxFlDxh9+trQ=":{"valueMac":{"type":"Buffer","data":"qGJqtKgdVpJPZdSM2ve4y6+BP0NCh43l4D5x77lIaOg="}},"GM5lsTedrNPZbMVMfcmZeULIgCOdKhYxLXnJtmTkYu8=":{"valueMac":{"type":"Buffer","data":"F+Ty6qj31rrTWrqE96Ts/H01fe5RaLyZL0XUlZtorJY="}},"GOHQrBUpsWjV57Nu62NIjsxHuGjNmKJAnQx3GV9p4+Y=":{"valueMac":{"type":"Buffer","data":"/RBNyynhelCI33gfLG6+lEJ861xvEnxvcwcnKKVuFg4="}},"GO5LLYMNYjGdupvhyA5jIle/fFECsRhEBH0cSsogULk=":{"valueMac":{"type":"Buffer","data":"5z6u72qyLYK50PasHoU06EnNswL/dIUntlJRDYL4l3s="}},"GWX1Csjc1ZyMwtrzcg7iSckANnZ7lChHVtaDfC1Ofzw=":{"valueMac":{"type":"Buffer","data":"3kVMZf27996n0wFwCItBdylu7Q8U2ErlA+DVOvx1TAQ="}},"GXrCFYYe7uOeHkGzl218BqSVm0WRuTz8KfvlfFMNB8g=":{"valueMac":{"type":"Buffer","data":"BywK2kK2rUsD3FgFM1WXpGVv/zbE8QhWA1DuZ13Zyaw="}},"GXxnXrXKlDQeSW6OdFMQjT35hDNlu08+bT0rzXxawkQ=":{"valueMac":{"type":"Buffer","data":"chGNSi2w9gXnVQDs39/Sx43M3f/6vt8EbwmEFnlYLqI="}},"Gai/T7x32oAutNUJAW6MQAgVg5fy2QhYswfztQFK/zA=":{"valueMac":{"type":"Buffer","data":"VGNzG+DVZQocYZKemuceVJg/J10fX+n4JY1TCD7Q0ow="}},"GcgAUbf8sDV9eFhyS4Qo9VFs4Z0T10XnCA91i+0tTlg=":{"valueMac":{"type":"Buffer","data":"cGa2sp3XG1thjNFVEicdqA46qubL+mxy8oHTfr9Feso="}},"GlMVnoz19uBl1MZgx9tqvGELtBDcSOF78/ukGLZ8RsY=":{"valueMac":{"type":"Buffer","data":"vpyHsfuis1dcJ2jXumbJfY5x8JoxVWLjm62Z9pnKnN4="}},"GlnS3DnrlkfRBgGFJppIculRpgj7e8+2zi5f9pn95bU=":{"valueMac":{"type":"Buffer","data":"sx63CIH7ChQZkogaiNO+8/LPgh/x/C13QhWXkZ1GRZ4="}},"G3Y50bIND9cWyhNYBp1/R2Fja7U96gQmwkiGjgZlTHQ=":{"valueMac":{"type":"Buffer","data":"N40SraoEb8n1Ai7U1ClON5WaIrMMiDwAdqiJnBJ/4p4="}},"G8TIFapaacmkStKh/xgxEiK8UDN0vpIc1H4AJB+gYq8=":{"valueMac":{"type":"Buffer","data":"2oYL1EFA4qWKOrCjl/hqUIdNpcAqZQgc6kTRZSflmSA="}},"HFzUfB6Hb01OeBnEcw2bKUuelkdZLZp/vuQFNaUgOgI=":{"valueMac":{"type":"Buffer","data":"rMY7K5/NMzZjWAJCzGEcLgj/B9w6eD/2GRNVLjJa/hc="}},"HJX2vx/qRmGhBTa+HuR23Byko6Z1vxFbb+EXfgn+XxY=":{"valueMac":{"type":"Buffer","data":"bM/32JDc3Hl/eRKFC3FaHMJYTezthQnrx1Kc+CiP1NE="}},"HQ56Ld8rJfpk2oh2jRE9jCtYWUU7qcbLaRhG/Zlyv48=":{"valueMac":{"type":"Buffer","data":"+wQllPlaIe2BDvHfulwFrauibDd342C0g4GzEhabALg="}},"HXoovzqfLDYQs+ePQPwcNLwyieKJoCFfvcGkMtItKpk=":{"valueMac":{"type":"Buffer","data":"2QNuatI085SRMADQI3FXwiE9z79WjDkZmeVqVBsHO78="}},"HX6gJTFzRWO4/qhKP1gGRnfS9rfm0b4J/T529LaLCss=":{"valueMac":{"type":"Buffer","data":"Wb2aBw0TSILa6Q/oeqnv0zW2h/0CnYbNdhZx/Ua1tHI="}},"HcPkHp8lz2jmbRAAzytflqHaV2Pab5FSs3/9k1/8wNo=":{"valueMac":{"type":"Buffer","data":"hFuk4+0vPaJLHQZAG9eYaoTumONISY36bi3ZnHV5+do="}},"HdiDzWIde5chCpMEjc6iKWekabH68tOTln/ZlpFYrC4=":{"valueMac":{"type":"Buffer","data":"PFJ1eDr58bsaFpJviK4dbKAi0wylcD9fcz9WiCyakt0="}},"HmLQ9YqQ/UW0B8i+OcnWdLjOqA6d8pYfh+zMA1iXs3k=":{"valueMac":{"type":"Buffer","data":"U7C8yszN0InLKD65dBgssaesghnWlK3oWjcTVTWaLy0="}},"HnDALgzHHHN5amZ5ZGxkSOWJXWSqRC3RwDnUW7mYgmo=":{"valueMac":{"type":"Buffer","data":"1vf59DlNK+iUYTUu8hyWADkA53oWk0wQF4FhXLfRSJU="}},"HvcUoj9YGDxfOL2G+KN05dE8mFKJpkQyQYZDbxQtMBQ=":{"valueMac":{"type":"Buffer","data":"M+CenuB1g72vNrlxelLaQ5181ySFwuWlbkFX1axblIk="}},"H7MDkYPwFQ/XNTvnBoHbB5mVklN2che+wL9I80xLCHA=":{"valueMac":{"type":"Buffer","data":"M4yHnUYZQq6T82idn63s3U5fIdFakOzrWK1OsnFyMpw="}},"IOu3x9JvpVDirlsx2af3PPSzDWAzFr2nvTcIVPZZe1g=":{"valueMac":{"type":"Buffer","data":"2fEudWFcxbuVDHGhl+GyyNYclRUIO3xb+HADogVwixA="}},"IWGMMUQ7Z6U9RKGCW3FO0y4NZad5g59BBR0vU9JeSIk=":{"valueMac":{"type":"Buffer","data":"+q+wUPHFAX2ipWBHBU1A5PPaw1QX5TN6tq79/mssJyQ="}},"IXKwjpEZ4hmMqZArKPCryDCtdcee3ZXFFJqFd1oorpI=":{"valueMac":{"type":"Buffer","data":"TmIm3Yp7/gery1rr7xYCgq6fmpH8fyTj2w1Dez9yQsE="}},"IctGkcrptexowTiPU34iDC9hPv4ddN8UNsog9cPjXr4=":{"valueMac":{"type":"Buffer","data":"o+ti5SqZAYx4B+XZ38GK+ZLqfH8FjHWiwolYLKMf5Bg="}},"IdaxQm8+kXU80eNpYKE5JDuB0qI+6otl9sM28IcyqDw=":{"valueMac":{"type":"Buffer","data":"NjbaQ9Zq45DftSGmwgu+eY1juCF8oqqgLQgAMU3Wtmo="}},"Ih25OnGYon/hPqW+kOpG+w8K5ztZQRtql4uAOp4kvsw=":{"valueMac":{"type":"Buffer","data":"9OTv/s662CrFzyUwQietzs7+9RtRwfVlWbBJVDX4WyE="}},"IiRT5ISlWd9TLjiaUJE2aEZy2CoIFoi6duG4xwPKfXk=":{"valueMac":{"type":"Buffer","data":"SSEtVUZdYbrKK3L8JSd3a9z70sDsIKd8wSBJLOkKeSk="}},"IisSNZFHNAvL4AFIhPRKhYBFqxq3bC5JFA1S0n3FpL0=":{"valueMac":{"type":"Buffer","data":"kXm1Z0Wi0N/FHq1ZHpB3avcQyruEzkvlioqWudSyHJM="}},"Ija9tXM16J0oKENbquWGPYUU7ob13ILkygvkq3UOhb8=":{"valueMac":{"type":"Buffer","data":"xdgdfrNOyuZwlBUo6os6WwfUWG9BKhgsVibkEGGdMfw="}},"IrywFL7msRa/WO8kl1WhJNwTaSidzcNbhDV1znGtyKA=":{"valueMac":{"type":"Buffer","data":"YEElXvo+lFbXeqZocgPKrP7HDzGCnX/dLKIWjkqsPhM="}},"IvgkGZcJz/Uxb3lRS7JLarO2dlBkbX2W0//uUcn9a8U=":{"valueMac":{"type":"Buffer","data":"mmDGpfR4L4WBU0DHs7W+GNq5YfVfLaRrCJoQc3SrFUY="}},"JFoRzP+NN/DysMfjO1skLPk8Rb0IbbJO4vZ+qWwF2LE=":{"valueMac":{"type":"Buffer","data":"icR86Gf7NbyQD5DIAA/EsOZCUSrwcTSm/RkLErNweWc="}},"JInCM8b4oolaHsJX3QZ0Z72ZYKGkl7cLjAXSlQzJ2ew=":{"valueMac":{"type":"Buffer","data":"1Qc6YOgWoqGBzA1yISpzjta8WRQS8R14Qlbp4iVbSms="}},"JR6nAevcs8SVrFPeNJa+gExx2CNT1UkQVy+l2zAfu7A=":{"valueMac":{"type":"Buffer","data":"dUIcHm4PV5RsBLPhcAsCI8g6u6sx7pzvauaiszrliqY="}},"JXTKc0w4Kh2NCGC/aul+mtZ4ETtN7TXOJyZrv+QtGjA=":{"valueMac":{"type":"Buffer","data":"qTi2OVLxp1cWX2vQ+UCg9Rg+lYMZVkc4/jwzkeZftlQ="}},"JpZEO58hiZeqJ0dvT/97sdS78jqLoDCv5ddRYzmF7pA=":{"valueMac":{"type":"Buffer","data":"omBgbLKuVMB05vn+P1ZbezKoZhEnWgT4x18RVqVs5xo="}},"J0Dy8kDNN4IrldZSeGWPcHUfZnkFPjuHtHWeHcIBHM8=":{"valueMac":{"type":"Buffer","data":"04KJCa/XRwNAZg1/slGxZRUcC2UfSDdPT3Rv+AKUK0w="}},"J6Lm6OQe7rxODN6Jz2A2K8cYp/FQsu0D/N5MDDNdT3U=":{"valueMac":{"type":"Buffer","data":"uoyP5rFYPMpUxoolMHKrRykH8SPx3WYiLH17uMqQfX4="}},"J8GDX9YPNDnbtg4S9cIHrTsyQal7zTNRadk6yQ+V6EE=":{"valueMac":{"type":"Buffer","data":"pL9ggNnkiCZ0NzWDZA6Jmt+1LdylYRbG9uvKBfeOw/k="}},"J+AuqN/uX3A1ABaoR6d2cxxfryOM7rbHeRG5zVF6M9I=":{"valueMac":{"type":"Buffer","data":"9tC7N7ZYWKSI/BerlkvDujYf5jO9oDD9CbAAy9GdU1w="}},"KKR243pbqlqkoQAZUw4tjhv8MrMstBsjNMvMMl0ELEM=":{"valueMac":{"type":"Buffer","data":"B22cWNRtlxcMtHvR+aSUAEdpQhZqRowBsaPooyVs0Hs="}},"KLLj6lOpaRYTyXANm9NRcKnrAdBGYrihtGJ7dN6VyuA=":{"valueMac":{"type":"Buffer","data":"GBGAe1vvtliJ2DL0bePchg4Eak56gW4L8V3tk/JlZng="}},"KR3kGcjMeOxAxJSdltmbKhw6ar2lEVYhKUzOxjc+1jo=":{"valueMac":{"type":"Buffer","data":"aXhpIYw2jPAJumFzQPamVrkoz5rkY3YWr6+Wnp4UmaY="}},"KS3D5zvoVH9AA1vSgiAyuvGwjIHYOknXgJrIGvcVL5k=":{"valueMac":{"type":"Buffer","data":"2haNpEYKFTgJlr4ol1c95TtVPx3nPfK5q0QPi5T4DzY="}},"Kd1IIRRsOLjgSoVz0ClNWwMOBvY1FzqyvX2KihHFco4=":{"valueMac":{"type":"Buffer","data":"pbHuYlzd4epbHr698jKIKwK1WvUEaVEtpDK7Rfay6ts="}},"KjHsJWIdGdaKODjseqdhx7zWDnxxmX/WuWtu+JnLbfw=":{"valueMac":{"type":"Buffer","data":"ITfb1BMGEoCZ6yFx79txvhyqM4YIx9GoBwjwsddA1hc="}},"KuuUBthHCkjSLyGog7GXalH/rh6sLQD35OyP4TFSa7M=":{"valueMac":{"type":"Buffer","data":"lvwlXHmbPBgmN5Au9pyFlzMtcv2YQvF0p/BEpThYRso="}},"K5KwQ+OLBj73WnVeV8CyjlyfYJZ6BpOXqunBXLl9W1M=":{"valueMac":{"type":"Buffer","data":"Oj0jJddSYjoZ6xToL9Zvew6rLvslU3N/mL76o0oe3C0="}},"K5TYQ9/xIZltRH9lAc9b0y4YM6jU7Dqy0DQn0A8STJw=":{"valueMac":{"type":"Buffer","data":"LpjAIrOb9m7qtwADqCe8/CybtubkkiPWSixob2b3n1Y="}},"K79B6lqljoExKw78iuBsxMOT86QWJf84if3tB64te9Y=":{"valueMac":{"type":"Buffer","data":"IRbKWKanyH8r0i86U44u/dJBWikZ/ZZBUtnBW9cOtl0="}},"LFYyJEcd82aAEtBTM3ZhSjg7F9bK05R1UuCIMUbnJ7o=":{"valueMac":{"type":"Buffer","data":"+fsb5K+CjDPTmR9OEw147YY1su0Tpl4qp1edZmIq3x4="}},"LHVteSYxnMRWkKF9F3cxmlcikNJ6ofRP8AI6qNlJaP4=":{"valueMac":{"type":"Buffer","data":"woYXh++wokTJD4BsQKONr7M/YqCc5L0wzCbYq+wdPkM="}},"LInbrS6ygudWxuYuT82Wbr28Wefavi0aXE+b+E07E/s=":{"valueMac":{"type":"Buffer","data":"YK/IHjg05EQslSrFMENRe5wcKXl/OiLmVQTvJIFfsKs="}},"Lbln4AZu3B5licbt+5maH9ELlLqddDxg2G+Z6iLrZtQ=":{"valueMac":{"type":"Buffer","data":"GpRiutdWNU7qp8+h4CpMADdcp6W08gniQNDmSmniy9w="}},"LlvtF9D+wHcnMUp52ep9ZMbzOcvcg+J48GqYQ6cuZls=":{"valueMac":{"type":"Buffer","data":"FZsIBwVKxXF67Uy6A8f7gdqv5zQDRA9OalzFsxTzHCU="}},"Ll6DhHF+EVqa3+xbq9MlSj7m8SJNk1cZgjLb2Mp5jJM=":{"valueMac":{"type":"Buffer","data":"LxB+YktJ7Wf6tlnS+WBzbYGQLuHmn1cuqA3+EQ7z1zY="}},"LmEsOvTS1Pm7+AHUvb+nZe2w8w7USctpn2gLHLddGc0=":{"valueMac":{"type":"Buffer","data":"4+AWeAgl+kXJiEsZIzH9BlHYiX9lO0Y7M0a5jSAt/w0="}},"LpiHtGB/Su2Eyyi1uSgNxqYz7c6CKAV2VXx1S3rld9g=":{"valueMac":{"type":"Buffer","data":"rP7NMqhYcCpUOJzD0tlBrxnmoAW4uRaJ3Ybhlgxx5LY="}},"LqVmWBkedYfyXomPlhmhgvK5kQQocqjmFkdVPRRgBeo=":{"valueMac":{"type":"Buffer","data":"8iNmssE4CDZWKJb4Cj+B3rgBfxPfDeknPmiY8Xszn3M="}},"MA0d7BLvjYAS7uxmWDPrI3cCvEdBf+48oK4jBk/Mf7I=":{"valueMac":{"type":"Buffer","data":"hpqdCNrTULEa6sx3lllsO53f2GuLfvElJaut7x9C//I="}},"MBT0hmvdpfCiwVFNJWLLoJ7B9v1j8oTlfC2k3vs1S1Y=":{"valueMac":{"type":"Buffer","data":"5uO71mCmlkMCjnKiDaNMtVEgcYRzq3MnsEUYvaaEaE0="}},"MWFNwcgEjLqZD/CUpMUpc94cqH5/M2RdcPB2QRsDfJY=":{"valueMac":{"type":"Buffer","data":"S9Bly3rAM3GAxks6iTvj3/FqHeEFTVllRt4w+7N4muE="}},"MbVQezxQBLLGkvgTT6wgpREPhHW5oLgqBkCgpD4jDRg=":{"valueMac":{"type":"Buffer","data":"s+9Qe4NbVocy47b3ERzECcRENy9X1SVBsUoClKkqVe4="}},"McO5bnrqq1aLjAl7fH/SL+ZIl0ZoixmA5UtciL9CO2o=":{"valueMac":{"type":"Buffer","data":"POf1dcpI9/b+xTDvEWL2pnxezKaTdoZ/d0vU3zAUMv4="}},"McwtO6q22FzJ8+SMk7M9khTyg0TN4pBLr8yf8bRSEqI=":{"valueMac":{"type":"Buffer","data":"TkBw5ZSLDK3qs7+Px3zUUTIqIg3RiCTov+mk2rLNkoI="}},"MzXCb/DR74tmt3zeztKTq0D4B2V/UB+G+xGQFCkRe3U=":{"valueMac":{"type":"Buffer","data":"VFoRFGxRo8SRdILfD0bdKf6HLXUIcICHRsjCHoK3sxI="}},"NBQ9Zk21MiMzgrLq9SvEf9fzM7lAS5mh6k2XUT3avJg=":{"valueMac":{"type":"Buffer","data":"Rvq89BxVDU+bCcLgIkw0sVCJLrNx6ZtjqUwY0YNmp9o="}},"NPo5PkHPlkkLTAgnDXv+umQOmjUHMclynkhZ4eO8r+4=":{"valueMac":{"type":"Buffer","data":"HZGyA7JrJqsS4FVxkrAzLNhNmMS/NAD6TXZKngf/AV8="}},"NQGjJNW6l0zFWyrV+0tcTSgp8uzBSGgxU2oZAjPHcnU=":{"valueMac":{"type":"Buffer","data":"C1qVnA6eJfdzDLRLwUMV7gaq57pYBetpnH29sHzpTYc="}},"NUGlIroJlnUzwuSvTY7YIWbwh+GW8Kp2h8iT8sFhkR4=":{"valueMac":{"type":"Buffer","data":"92QOjPOp7GHKlM543vPwzQwRMT0HFw+3oGk70jDVN1Q="}},"NUIY5IN7D5jNFI9kDvhUnHDzc1QSDPuvIOcS0yhTdt0=":{"valueMac":{"type":"Buffer","data":"EpqpqLs9WnaZZTFvx+CbjcIptPRPS5zcesdkkwutF1M="}},"NUkKEgYFgfi9pLd9itrtrLemmAoiiAcIWoBLmRUzRuE=":{"valueMac":{"type":"Buffer","data":"JzOdpeZLYaniJ1GAvc9C4D/4tS1w8/Zz+VXJ6EpsSsQ="}},"NaFLpRSfGHoRT3zagNHhp20XMEcwuj7yV4YYDLFdnsQ=":{"valueMac":{"type":"Buffer","data":"4Jk1CwgRsaGn/3D+kUrhHaytJFwUIkizQtcUx5amnfE="}},"NsQ8H2dDHq8tEurXMJuSNcoTUdXpuXNBiU6KauYX1HE=":{"valueMac":{"type":"Buffer","data":"537l/hM5tqigdbnOcBByKFHKCJhHdJfx0LWtLC68MZU="}},"NuKBMa2XHgzx2Onyh8GmO8sx1c11IspJ+lpf6ulS5LY=":{"valueMac":{"type":"Buffer","data":"t92Oc09w68EcIYb3x3NFha914BE9CsTvwW/Eii83ysQ="}},"NwmHcRd9HDvPyc/evvdusgO0L0Kxit4EvG2e9084mFc=":{"valueMac":{"type":"Buffer","data":"uhkaRPKcdriIA6Qtt5a4LWoCNqMh7lwUl1f7w5QCv9o="}},"NxJIVgeZIhZ9ag7QfjDX8c+xFd6s0PUSafodu+j58yY=":{"valueMac":{"type":"Buffer","data":"O53IQVWBveq31xM7Grp5he8EbMwJpOLC1DXWJfGau6Y="}},"N1PTFWW7YvrBmo9gKGdbe6GmL3U8JDdtg6GK0thXMnA=":{"valueMac":{"type":"Buffer","data":"IL5w9H7OT9POHQOsgG1rYIYEpGjuSC+k50M51oP/Xlg="}},"OJQhAM7+h4eTAhLNIWRkoG5hMtXFPelXOUazbUElYJQ=":{"valueMac":{"type":"Buffer","data":"ozH/d35XvSHn3GBZDV+IRgbqg09MLi5iA/MzdhViO9M="}},"OQpmh69r1dsZY2NtQ56Jr9WyZGFIyjLiZeyQbb44iv4=":{"valueMac":{"type":"Buffer","data":"K1BoDOUS/+Yzxr/x341qnpGiKvqa1GR0E9M/jnQnCZk="}},"Oir031QGeBBrBnYfCrPvZfn4n33Hbi8lLUT63P63hFQ=":{"valueMac":{"type":"Buffer","data":"+RMeSr7t2UD+xABe6mxmeuv8U5kbZenHznfIRfpbGus="}},"OuNnsyjivuPIcNQCJ2+YRLzAp3HwgsTlD24xW2TeuLI=":{"valueMac":{"type":"Buffer","data":"ZZs/8tP0odFv+2Wt41IfDaHCjJgwHaaQWtJN5uJLICY="}},"O10ejsjHG24Q1RvGBfKyJJ0A/Cn+IZ6YUPQHW7OvvHU=":{"valueMac":{"type":"Buffer","data":"vSirV5kTLHQGkhcr0Tu46tqPA6/zB2QkiEaBMfb/Nn0="}},"PG7Yb4bk1A9+J/eDKLo4Jdh+vWqsWG+4sKgSU6LXhsY=":{"valueMac":{"type":"Buffer","data":"d+O5zn1msuZQSZDxh7TLE/vNqy14MN/N2iBI8i8mIq8="}},"PK5wIqsudpuB36sAfqLtjfVPDZbvaW05aT7F1Wi2KlA=":{"valueMac":{"type":"Buffer","data":"e3ZjJ7SLc6OVjUJmjLxd/OAF4k0pjZh/EoEIkrgVQMU="}},"PNDzcw/AX2KljoRbe8JrT/vbsmSkHk2djV0LN0Vfc7I=":{"valueMac":{"type":"Buffer","data":"7rjkj1zQZdKYDHo4PaznqRAC1+oUJnoll7EmE/zMJsY="}},"Pcs4SbQtlarpS3+X4H2Db8VVaBX4/UBzecE2QxcpleU=":{"valueMac":{"type":"Buffer","data":"GeoWp0JL/GnUL9+uqax5escs5X3M2zxNEuaIud9baWk="}},"Pl1nFnOqy2T5zYpnQXPoaA7Gpiu119wR9rJjF8Bqg8w=":{"valueMac":{"type":"Buffer","data":"3cL3209vu2VdhEpXXDK6EAE3JzPa6Q6R/EpN5d7TYXo="}},"PtzlEgsXBQIOQumlgpMimPboEj9bu1ZlIsuYW7G0Br4=":{"valueMac":{"type":"Buffer","data":"bcM8MCveZMduxcmPC7pWmiaLpjiyypn1bwGuYGnLpEs="}},"PyiBBUtIzBEtQb7oafzEG5ydy6DH39NOgdQCwn6FA3k=":{"valueMac":{"type":"Buffer","data":"IV0fdfAMUpL6UkZxCYAVIkYqW4arlhta/n5OAy54T6M="}},"Pzn3XCplVMu6vT1IEtTkwc8nPV/Xv6e5LpZbzGRsA38=":{"valueMac":{"type":"Buffer","data":"TxKht8itVfWEQzNKRzkjvzG1b0WK9q4leAz9IK5I3Qo="}},"P20TU5Ex3m4K19mlNassmqVe1EiMMlmxuVEKW2DqKbY=":{"valueMac":{"type":"Buffer","data":"PVnlxNjbO3pK9zeGyltMy7eaz9UZqnxZ6mVrPLSeGsw="}},"P6Iisqhd5/yCszBZTnzXZNadxiQ0lkBaMuUYx1czuv0=":{"valueMac":{"type":"Buffer","data":"1QURRUm08kklAKkWV+kkcwEe0SoI6d7ZkeCxKlMofxw="}},"QBbZ/brr0lj1OJhxbujYb+bcWKZANLmGav/yokSW4PU=":{"valueMac":{"type":"Buffer","data":"qoljDV4O04LLVSaP+bfhf+tQ/TzRtbCXb/NFOilflJ8="}},"QJdtU9B8DY3yxZToskhX9spgTDXaUO9XrGMAy2MV6yc=":{"valueMac":{"type":"Buffer","data":"cvMMMddjEZXix6J8rdMlQijXy6sENHjJgsoAJKOomgI="}},"QNVuXnCYimFtPq1JqCgPZ+6BBFrbI7BvB/jDXBxLW54=":{"valueMac":{"type":"Buffer","data":"2lR8wh5ph8dpVmM9VKbH37xTGByBDKWQtz4/kPv3e0g="}},"QRTYJLNh+n3npgFpEMQgU1pwY7ORjU8kmMQ+nMy0Gno=":{"valueMac":{"type":"Buffer","data":"4GNwUqNv+OeSoi2PDJZqojWbq8D+6KT9KL4Zq6sMdWY="}},"QSkGx/Egg/dI4qfOzwjJO4Jzhs/0S5en5669vFmBAG0=":{"valueMac":{"type":"Buffer","data":"C4ZSRDYP69mjj0FCxXfLNbWkyX2VVowMoNVfzwGIt8k="}},"QdCj0vxkK9r5+sDo8KFqyWuhMlq9xBCfZZtV2S6KH38=":{"valueMac":{"type":"Buffer","data":"pLBFt4j8GU1FL2NFMjX7pocvIm/sqUvAVhvQJvRu8BY="}},"Qh1Rg46op557z0mkqBNCqRzbsqCCrul8OvlscaNcWAQ=":{"valueMac":{"type":"Buffer","data":"S89urJ5eUg42vw1P5KpuV5NNgrxj0eCawlJu0qZegrA="}},"QsnyYJrQ/3LQItM0dnhX6sGZ+S2pAKThmT/yGXrIhZc=":{"valueMac":{"type":"Buffer","data":"CHhWuSUAxK0UgAPo4V0z5c1sQgzFv0pk35fntEN1XME="}},"QwQQBmB2SRV5SIGiNStYbOJBnHq2zdB7m1cK462Noto=":{"valueMac":{"type":"Buffer","data":"j4p2b+HA2whpP1C1urv2PXJvT3xVzjp3zO48l4OzShw="}},"Q5NbiqnTwOaxeOrgQE+B0kyt1sdNEB2LFwU4kofwdBo=":{"valueMac":{"type":"Buffer","data":"jbUjPe16M9tv2/3zHyYIbJDu56Sa3kKsW9uw+tRSEZk="}},"Q/5H1Z8XSVA0Mmm615x1Lk4ufzLerBHv7idv27V+hJU=":{"valueMac":{"type":"Buffer","data":"eUIEp9b+TCUFK8WfWe+ZRZg16VkHiYbQQF0rVjdudVU="}},"RCa8EQGabWyzy2r1jMu8gn7Bu1IzJBUX18GoC5bXcXw=":{"valueMac":{"type":"Buffer","data":"Y9rLC+s+1gnBpJSiODtAme1QwkekV/hcgFUbTJgZYMk="}},"RECHxbJghqHfQxSrnGIX6S3qKy7+rRCEDZ02rVndJUY=":{"valueMac":{"type":"Buffer","data":"P07rjYaYluBIwZTAjbEbo5/9FewB/dU2e8KfMRZ7K5s="}},"RQLvxQ868NbZ07h8K4/yblvpEeY/kneMjZpVktA/sTM=":{"valueMac":{"type":"Buffer","data":"wjpe3l7AylSwKmjPfvwvb1jmJXF0OxwrwmowGATrJ+Q="}},"RXfIbs5pc3djtJYQX0Nx4cK7GIW6IE68YQ97aXsrlBc=":{"valueMac":{"type":"Buffer","data":"PSehfTcwXXsMpKGmAHRV47mCFTZ+nRwERkop+y6hV+w="}},"RfgaHzCXJCJYA7CGkKFxp4vCkSOhGGrdB9zBzZC//9Y=":{"valueMac":{"type":"Buffer","data":"ehbPWB9AmG4AOMNpCn/sFpiHKcFXn/aW6NosS76xH74="}},"RftSr2sbnRMNBxsjX+uaUtjpYp8iLOH1GGhaa358IV8=":{"valueMac":{"type":"Buffer","data":"V3Uzfm1MPgEP+aYCCo9V4QozH6dUN40QEJ8kxQ5lTXA="}},"Rvxpt3nr5W6sNxio0KBigqE2IyApZ33mW8h3xPGrPwY=":{"valueMac":{"type":"Buffer","data":"bVYYPc/N3tJNcEwXs+zSGPEQk23Xa8XCK8vJRX8dKos="}},"R1RUWIznblnl5BFWODcHe3fO0IWHV5GGtRP/cCoX0xA=":{"valueMac":{"type":"Buffer","data":"9/wjg2+nC4iYnbwKUEk532yi/IR/9ptf2crTV1b7hbs="}},"R3RiuH9Omkn+22QCKWJFrxUMS0cQtsqRox3Q/ZLEwkc=":{"valueMac":{"type":"Buffer","data":"xqsIgbHuihPcI8z/fV0Ey5ZpMagU+orU99w079XY/pI="}},"R5hRapOvSsqtrBM/HO/VSHX8vkl/fPiuyNIbs/B1+gw=":{"valueMac":{"type":"Buffer","data":"kxdnZBYYv2PTsXA3FUFdOsDpsdjVjlD9kr89YfzankI="}},"R7ghEg7eFeuXhpWTWRJ8rYCqAWkJwdOHxAMmvy/K2hM=":{"valueMac":{"type":"Buffer","data":"gEMfwxJf4kBumTfu+QhAxb2RLH2ovmtudE8K0sprPis="}},"R9dCsitXQOFPkH+4WHP+ZnpFrFlmR9/geFVl6T7exQE=":{"valueMac":{"type":"Buffer","data":"x0GMB5i98yrtkYdMgYGwENoyFD49yaEjHCEqiwzRQMc="}},"R+m7y00BVVNoWrF9D25is1Zt7CHBRFgLwdPbxWYagw4=":{"valueMac":{"type":"Buffer","data":"yLeGqdH/KAFO5/IBXxyj+U8z0jiDjrxD10C8JXmyp94="}},"SA3MWdAz0N06fa554BDM1ULDLhMmnHkmRwuAXlUCOyg=":{"valueMac":{"type":"Buffer","data":"C7FhfnXhpp6oUtL2xuzwePvBYh+wdtbgAVq0HaekdPE="}},"SCVYK3lf7zLYfYW98i4Gx3EplWbPMsOt9de9kt2fH+k=":{"valueMac":{"type":"Buffer","data":"k9gfmmgy2olKRDuKUuNYKVeu5LTuBqdJe9CUZd1uhu8="}},"SGkozLFFCIoGqt/qC/GqcxWic8lx8Ts9B//3s65wrUM=":{"valueMac":{"type":"Buffer","data":"oPMbDZrVHt5ClPXKKTuIRDE93TwJHzTCXozJxGqoCco="}},"SJRekKslc6fuNH/5i/0tSfWSOIKH0OYvHHPL7957g8w=":{"valueMac":{"type":"Buffer","data":"8hPbe8Eyefwo5MbSf1B0mLecfCyE8fS5XnbLe+Cd7rQ="}},"SW7SDRmC/XNsLtVk2uvM4GnbqiR7/cF48U46gWCQKgA=":{"valueMac":{"type":"Buffer","data":"kgqimf+9Mex+0J+pR3cCkHBOjFaq5X5bHgYO3gYemsY="}},"SXATaXtzO4vUk2Um2nq2g9S14AcXPF0NqEsdha3Mptc=":{"valueMac":{"type":"Buffer","data":"4Ojct7c11Wi77Gu3jaO1wWVsxNl0T7//aW5KBgXprqE="}},"ScZ+m6MiUGRs6eX4RQm0naiLgQ4KL/Sr29Tv9w3066k=":{"valueMac":{"type":"Buffer","data":"rxQeYudqMSFU+qAGEXcva9vON7mYt6BsSs83Jx1KlV0="}},"ShCAvA6IIGsXTBeAHcZdZrOsEibU28SaBhxtJneBDDI=":{"valueMac":{"type":"Buffer","data":"1icrPcOC47NkKdr32IKjxfnj3rja3v8KiezOUr/ssWE="}},"Si/GK1szBRM8tYa7c4jDAlAvjLLNvxzAY+zyCHZfOqQ=":{"valueMac":{"type":"Buffer","data":"ruWMWtnouONv8wtBr9t+b/XjbZbV/JwS01DxXt2CV2A="}},"SkA5Wczr0XVL5E/2hKWDlQS57KKDKJ7sX9c+U7mAzi8=":{"valueMac":{"type":"Buffer","data":"nn+Gb1BB9YApNPf7kWvcp7dGp0EMOu+tF3/npcp8f/8="}},"SnGfWxiS29dJj2zJ5J/EYBM26C0vY3FsH87qCeZPBCY=":{"valueMac":{"type":"Buffer","data":"27hmzpLRvCQZlAPJd0bVFxnfw+bAsBfAHf+wnpfDwKg="}},"SolpVJkk7nCnP+Ofssj2UCaFZ3u3nnuG04NT71O+9kI=":{"valueMac":{"type":"Buffer","data":"Z/OSQFgQDRrsJVJJRsL7tdMUB0wpFw9z6IVjC6qmvCA="}},"SreSjyilfTQ+OP46KarZ4GA0fdCBu8VHtDNF5gV5F8g=":{"valueMac":{"type":"Buffer","data":"JZOe97GJ+NfMc36bJRMlLPAmtKsbOYvwf8WYxZQDgEk="}},"St5wje1K1GPq4Pr8Q533zSVPm+sTrP/I7xg1fe+LSPE=":{"valueMac":{"type":"Buffer","data":"PKXbOB0p72MZPeAA4fMW+o/TS9UCT8Zx1zG4GGrjWqQ="}},"Sw8Q8hyxg4MCf0ejUZD94H/y9C5WGWsZ1Js9gATFc3k=":{"valueMac":{"type":"Buffer","data":"QStOjsMxkJjdHOGFsEaJ31vvGEVGMRI3eZXn1vipdjg="}},"SzW1P8RnaRoR0ahWlE3dtTYIQhJORZgTDxaI8LDDuAM=":{"valueMac":{"type":"Buffer","data":"C1sobbFr/wBGC0oE9vOcRnsUkz79WV5jEdGiMvLFRA8="}},"SzkiZOSVqjQ1ZSTo9SZNy595BSdv7PtNwYrLmr1sry0=":{"valueMac":{"type":"Buffer","data":"Cg4wEG1h1TsUuP4HEp9S0t/pQoiKfkJ5YbldvQSuPFg="}},"Sz9oM5iJ0sbcGrvLBRcWo9bU2wvOP8Zfx1RvdHWQy9Y=":{"valueMac":{"type":"Buffer","data":"0i4FQDbEPrhNIXwPtI4RAHsr1Zx7cxD+AlH9aqWn3TE="}},"S6RbMQ+BoYlCWMHaY6Gar8hKPhKZ9k6mkFhgun9ocyk=":{"valueMac":{"type":"Buffer","data":"EpjqhBZp6q4vrOscUUfvyMer7UW9g9FGvA/AqHuuXr8="}},"S8CaKi5xQVE5Fqas41nG6Fop11vTVGlJgSJ0nAIZnwQ=":{"valueMac":{"type":"Buffer","data":"H/yG96q6ArjeSqsF3Oya7UVcEpAlvH8DrHWeTK92q6s="}},"TERcfeHJ4SwwJM/MpxvcUkQoehU5fRbhEhr/+oA997U=":{"valueMac":{"type":"Buffer","data":"yc+VUetf9srSOz4V79IwJXDRbYVXKIYiuvrP0YS+c10="}},"TEeZkjgWaQGKftyqs8NxwjrxP7+nYbw0wEsnMqbbnNk=":{"valueMac":{"type":"Buffer","data":"INB6mbmo5cYEzI6ddehGJE59abw1EPi6y0p19bTjIAc="}},"TJ58Gb8xSbpmKxxFrptAbLbcN9ACa3OVhSwAN66g7Rc=":{"valueMac":{"type":"Buffer","data":"c/G0fXW1fUJ+TJPuAewr/10E0kTxpKumgYHCm6pemEk="}},"TPVe6wpjqAfMBFF/O8vd5eQfh1xFaWIomVjVAd3fKp8=":{"valueMac":{"type":"Buffer","data":"iwnIdFHNqbuja25xfY9cveVDz96ZPTKHwuZ8OQQM+PY="}},"TeKa4agLoicct06EsvdXInHojiDRej2d46tzNwIebPk=":{"valueMac":{"type":"Buffer","data":"4StvAzEqTgZXV6cVEgtMD48+4AXz7KViOm4ARZHy0rM="}},"Tl+85cGBznjJlJiXK/SU++4CmfhFe+LP71Z/YhbWPIo=":{"valueMac":{"type":"Buffer","data":"6n6Mk5IbgLejZ7w1B5wgBvt63GEiCtX3bOJsG+djPOU="}},"Tu7NlY3ssCnuGuPSSk0FWTX8QGV+zkabIl5UgESTVns=":{"valueMac":{"type":"Buffer","data":"nxMHVbrBiL9fM+oaNpOTm4lz5XBN7n9KPuOoNI8yk6w="}},"TvU1TgKU8wG2OIrJRcarsQAcl0gpspAUPRQY7qJg5QE=":{"valueMac":{"type":"Buffer","data":"ts7HMl33R/upCtN8W1P4WeYF6Jqt0Tvm7IaBGBswQcs="}},"T3c0XCXG4RPTSK9T6O7Y6cGA9jc6htcv0O13KbMthyQ=":{"valueMac":{"type":"Buffer","data":"WC7+WWGV9m55UTirS3O9Nb7z4VimgKHpvn+c7woxysk="}},"T7hmQDz/J/dUJGNiHwjxeAoID3hmMYf6ujUjXXvTbCY=":{"valueMac":{"type":"Buffer","data":"0j8olKGQHDrm7Pf+sWUxWWTaZf+EV6+1WdHlD6gslE4="}},"USoC9CS7tDhPoj2Hxnwb20XTPcbBg2YcG1sO+s4HIKc=":{"valueMac":{"type":"Buffer","data":"aWnkL4hiC5384Nj5NSoesRl91AaZxEOjlMd6vkt7Uf8="}},"Ub3s3HINmOxyttI3gKDRuFwUkJ1lKVN9BZ6eGzx3pbM=":{"valueMac":{"type":"Buffer","data":"i7ibsIVlDf8Jrw3qKa1SLlLvRpR409GLJhyVPV/xPhQ="}},"UddGOfRUYPfrqsVZ7cLLS7nGUbmj/YA+LbDbowYtEPM=":{"valueMac":{"type":"Buffer","data":"aMzAaqqy1OpPK1oC8pt8Nd4tE5u0t0jggmrFnjnYQAQ="}},"UeuHzb+Hm6bms9C4YEo8VUiUrmLdycprjMsXUTLbGtA=":{"valueMac":{"type":"Buffer","data":"rUjGgzfZaKEaOWQ4j40laxO4pKVEhJzltHerhFDVGtk="}},"Ul6BsRETvHY2gBq1sQ+TDVowtrKT7V/RCeyz11jS1rE=":{"valueMac":{"type":"Buffer","data":"RBgouARska0gjpevQ9h7UV3991CgIg6NyPUGQbv1f9g="}},"UoUvA79iDPlltl9mhicik9oDz592Fm4KJmwjAUKBgPk=":{"valueMac":{"type":"Buffer","data":"ZzHuM+H5iRmjFdaHTU4Qx4hVrlbqtzzqBfV5ZDde7uA="}},"Up/uCsBSZOogS+Xk8Yq89gZf3m3cj8f30BYjeoy2Xg8=":{"valueMac":{"type":"Buffer","data":"N7TeE64odAgbo8rPDUN3IXbOpul/Ytx5hFhkJcWI0BU="}},"UvwpFQ6nsDAuU4i4O6EnE5EyqVu1jIJX1SAri89RYgg=":{"valueMac":{"type":"Buffer","data":"QZawY26DpT20cEOnDRs7QONv1AEjtHO3lfEpwelGpgY="}},"Uy4RPMhAc2lcepyjoxPjd4dQu61Lwb8t8fTBTWHvu6w=":{"valueMac":{"type":"Buffer","data":"18MO/FbUUyKy5UU2S0Qek1d8E3rBBtj8vrt7Kkti/co="}},"Uz1cPzY58VvVb9+YQiXIryhMpOssW0n8sCli/L319gM=":{"valueMac":{"type":"Buffer","data":"5CoqHlD+C2Lqz+JdHmcjap2BBFDFxSbczjsnYssNisc="}},"U4t3tAA7WAViANodIJGpsGEDg09/8ZrqA+r5iT4eF2k=":{"valueMac":{"type":"Buffer","data":"XETbP0/kiJ8e7Oj+96DlsSlQVtrFLGXkZ86uCCN0rYk="}},"U5fVpgejBBvMhkuTJsE/Z2ISKtVVdhKAk3HDsiGzX78=":{"valueMac":{"type":"Buffer","data":"eKs3f205VIDb0/mevNsDt0sNKbeVmdEZ9OuScRr2Mvc="}},"U6smt0orbqWOtwLBZubt1WWb2smzKwvO2qtxV8nh9q4=":{"valueMac":{"type":"Buffer","data":"C+LEthOPsEuzNE2pds/jOsTQ2QH5WvXJxwe2CRVkhDg="}},"U9KdMYXWdDvrwDWQokXf/CBlCS8N+35AHRtwrCOVLSk=":{"valueMac":{"type":"Buffer","data":"SwrCg9TSDQRdebsTbcrNMImiPW/GHBkIZ7YNfzNMEnI="}},"U/oAhoyxRh807gDaImrHHnyVpRFuSKMpYqiYWdPTqAM=":{"valueMac":{"type":"Buffer","data":"LSmkG+2EVGV+qwovODXBTYw6Ktzn6vp8EfjJKU3Lul8="}},"VAr8jlrdwBvYYhIOX7tVxwYhwhdFmY+BaHdaqBaEHmw=":{"valueMac":{"type":"Buffer","data":"Vqwslv6V0GlrfUf+DleEtY1P9s9uQf/ncymJK6Rpago="}},"VP8VTSHhLYLL7YfnmIPS65zGWhQx9zoyarJBLacr2v4=":{"valueMac":{"type":"Buffer","data":"FV4ilC9x0UgPERdKGeTkDAIFRaBSWdFEonUbX/c7d5g="}},"VP9fPPhRWuUSp8FmGx2g1fYkanKMQhjXx5GH6qUeD70=":{"valueMac":{"type":"Buffer","data":"0k2lAvVzOp9Rl3dICS0VMYVpG1mekIud0eKjlez/3Jo="}},"VP+EBoDIj4XIBolBTaMcqSthBnyF54f10rqNjB6RNXA=":{"valueMac":{"type":"Buffer","data":"YAHnnpqgVSK+o5Xu5Iqj7TN2zydIkb2gq6VFdnNVtvA="}},"VQMhSJutamHRruLO27AgqBMu7d7RRwDuIDetAEBNj68=":{"valueMac":{"type":"Buffer","data":"zw5qS//lzCENN5RWVoERXGOdesBiTJv+0jCcRUtMEkQ="}},"VVzihviDG7T2BOPdxfLw2NvIasQN/XHnk4O2k25IMcc=":{"valueMac":{"type":"Buffer","data":"cJLT1L7vKqwx9AX5TfGcv4aItxe+n43vG6a3Nzp/FaE="}},"VlGCA0rOWXZ5Yd9yJNlkxKyOsgetV547PvUeBwwRxKM=":{"valueMac":{"type":"Buffer","data":"sF369JDHSjTAsZC6jY7wU+YVAON3Ob6qWtnn/e81nak="}},"VwoVxAKkoTpv8+V0yyZzH9PcJNCxas1imAz0LmEXtaM=":{"valueMac":{"type":"Buffer","data":"oXiQbjGIOWaWPEvLRwk0PoUNiQbP+dgMKzkWVBkoYGU="}},"WDJU6QHRe77c37GOodbhy2LOOiNDy5Y3bypCQ+11Hr0=":{"valueMac":{"type":"Buffer","data":"ayUaAe7SYFC2xuViMW6L+Naqy0cE6FnPQKbz6oetlSI="}},"WbggM7cEzwufValIZ2dAtuhiMZZzgVIIu5oDevvxdqc=":{"valueMac":{"type":"Buffer","data":"hojVdBC9tcZCmZWJ6lQfNKIpjCkIvHnbYjbBRTXPqbw="}},"Wyb1df5zfKtCC/1wrSTImzldSk378XuDt2h6uwCpQBg=":{"valueMac":{"type":"Buffer","data":"1wUwMlosUVZU2m0OJX5hxuy0mHTu0LnA8+qgFUAz6Ck="}},"W1o12qTLE+KIAEv8HSfh74ZXfyU1a+zHA6u1Xs82lWE=":{"valueMac":{"type":"Buffer","data":"6WBOqAeRCh7dA7aAlRfZBwQq7oZnVte7mG87Aq3f3j8="}},"W2tG4MsAbUZFRXmWkY2h6o5CiXkofUnMhsnk7+ddrmk=":{"valueMac":{"type":"Buffer","data":"jzmODpmaPgR8HDdtP3T2UiR7y3FjDNRLWRsENLt2FVg="}},"W8aZU8r7evvUt7GYvXfzC5lqX1uGIOgJSSMp+IAebo8=":{"valueMac":{"type":"Buffer","data":"SL840F9QNNt0APX6Hjtwvdj3qdQ1htQI7avykYUBEsQ="}},"XG8tHwn5O59lkiSTYDOyiWDVCf0aJdGvl3/pYF3NNoE=":{"valueMac":{"type":"Buffer","data":"DP+By6oLgwVA3RjNS1CgRBMFHmGDiAgxfBYBny6NdJY="}},"XI+OhxMyJRuTIMNebBb0VXI6dYS0k6eJO7NT/ADmnWw=":{"valueMac":{"type":"Buffer","data":"F+Hn1Ivjo1Vg0jpR4PRITTzJASNwoToBgY1mqkByNwU="}},"XLw/S7TTpTfGbVnmBjqeVIvmx5eHOaXuRVrsSZLkyLQ=":{"valueMac":{"type":"Buffer","data":"qOPoPPC97PJ5VfLxhntkgDtErtdlb/c52KkYSoBYdPI="}},"XTNupRVovcJ1P6ob0+EPGE+oe6arBBBZYxdke0LHxyA=":{"valueMac":{"type":"Buffer","data":"zcynGfVIjEXYgI9FCrlS+K3D1PLOrM3TDBS2w3rrbks="}},"XURyyp3msu9YIkI1EVPCOQOskvOHPABOSZasQJ1FJ0U=":{"valueMac":{"type":"Buffer","data":"puFK66HSsLdWXWpdDwxiMuGSUFDgokYwE21UXAFuA2E="}},"XpsG3DqlM9YgkV0c/+qR48gczmjqp0TilTIYMQ3EZ7g=":{"valueMac":{"type":"Buffer","data":"PTXKraQJLLXi2pXaCt6Xs1w8eG+2WJub6csfia7oo+4="}},"Xu1vOP9yWkqueckZXeIXsp5yn66sKa4cveD0IiSN1Sw=":{"valueMac":{"type":"Buffer","data":"SfKM+nWzCmetstunH/lczc2ormxhr0a55W8+Q6f+X/s="}},"X4aDlGRcN6bggVhM/lYDr1PBnzdu9kb8uiPVU41P7pg=":{"valueMac":{"type":"Buffer","data":"ogcSfPcQezkeOq78nN8xfHmsVVN9mGxU1aOk0UXviLc="}},"X+QTNn6GA4illYLGBFlsw6ULR5/Mu32Cy2A1kXNisNk=":{"valueMac":{"type":"Buffer","data":"DeZ7ystXveVrpciwcHlBAvDQEi9tThkDh5lU/fA7uQ0="}},"YBrkjC5r3LFuXpuPXpubJL+qmhACDktP7Cu37qT+w2c=":{"valueMac":{"type":"Buffer","data":"8pOtymS9cGB9y5KfFcUDQqmm2h/+Xx6jAmoiyRvsrAg="}},"YLwsXFv+0qisHfZqa/HBoYSRIbb4EZMBy/eolywGn9I=":{"valueMac":{"type":"Buffer","data":"6y8ve09ceZQN4u/pbaln967UfZaQ43+f7bHz32OcXhQ="}},"YL/oRS35Qp5L8vAnGW3g1Nfcg+Zs/ROhaSc1fYLD9So=":{"valueMac":{"type":"Buffer","data":"cntpNs4rQf96YlecFdbKHifYM1CTZNmkt0KxikAw+qQ="}},"YRzsydhFOY8G6KKVcLNJwzeyP5EJS97a8p+gBRGvM9I=":{"valueMac":{"type":"Buffer","data":"eG5moi5EVdifhWeK3ACYsJE5R7+xYdSzfzzAf28u1Q4="}},"YdIUdnH4OmiXCxZCRdJ779zDXikS6m5nNpDSmVokgEs=":{"valueMac":{"type":"Buffer","data":"bOpF6yv9HeAeMQjjLRMRRhhIEOemIQW9sjwIbsQ5jtI="}},"YjLuLkqAzAjreCLakBVP7yjM47aj5uvzxul0TOzgW2Q=":{"valueMac":{"type":"Buffer","data":"DClCUlwIXCe3CQGkTO2b+piQ8D4nAQd2WC5CT0kz07w="}},"Yj5fhQJ4OdyikywC8DgaYEsp0+601DbPeo8HBOP3sts=":{"valueMac":{"type":"Buffer","data":"Cn7a4ncHGZ5h2JZPdAI5HCr3iiABt/LBbto1+BV75Fc="}},"YwIw+UUKLN8tl5GZcN9Hb0LBJ9Y/rL3lLv37dpfrogo=":{"valueMac":{"type":"Buffer","data":"/+RF7WmaiM9xvFETi0y2/A80c/bJUv3urekbxRJcPpg="}},"YxVTNyA1qYJgG1QhOh6RQxekyhrJfRt45U7MtrpPtnU=":{"valueMac":{"type":"Buffer","data":"EQWQYoKXT7G0n3UunHRHNEdxJLzjCsa7nQsPmkGCeA0="}},"Yx4EFh+pGKXEuYmO0saDlY5wqoqXL8aNoEZ6BsbgQ+w=":{"valueMac":{"type":"Buffer","data":"6A4z7u/Uu+xNYD4rOl28mkZn7UsmHiTJ/Bktf0TiymY="}},"Y+ddan50F/HuNS2aOFEs2/MDanuMz0I1BxPnWOhMd5Y=":{"valueMac":{"type":"Buffer","data":"fLlNLrp4b40C6jgIlJhxInKapj0aUQmG73dNKzqBYS4="}},"ZG4GTp4JkaA3z8JqXf8YANJcu0y3E253bOR94e7octY=":{"valueMac":{"type":"Buffer","data":"HH7zEtSBfiIx5e9lOQrQkYmUwsiP3c1x3/miEHksGKI="}},"ZUCsqO3EznCGur/mgg5yZ97PMYO+pliXcijXN3NZz5c=":{"valueMac":{"type":"Buffer","data":"r0syLd1uTmv5nyYsX1V+dXo9BI5YpN1EBwbIhlVrVo4="}},"ZWuFEALupJ90XJ5mZj5nNox7T4h3MHvnOiWlFvw3MZQ=":{"valueMac":{"type":"Buffer","data":"NpOEb8k0WznlzrIQFxaeZibo6TwkUPUyEeU8PV7qn5M="}},"ZkOHvYP3ZsNHJkJPc924Iaqz9i/ZmPwI2D5O5wqzDrA=":{"valueMac":{"type":"Buffer","data":"Uqxvkuk7xml0PanGJUh8Iz/PHw26Oezc+Is0AtUyx7o="}},"aDZNNllHdFiMhlLqTxwPpdcsLhPxzlR/dU+TpmIrMLI=":{"valueMac":{"type":"Buffer","data":"82sXn+e8go0QeaToea9ohJJ8S1SwxO6pmGMzdPwwiPA="}},"aFJv00emybWO9qszoWEkcEMrEA5xDiVC0aOFZD9HhAU=":{"valueMac":{"type":"Buffer","data":"68WZwuRTA4/6/xlGajJaqWalc2knJNVF7Oj4HzE46UM="}},"afi+GS054ky4iAndj40ype985FYEfNqtPGuG1TXl1ps=":{"valueMac":{"type":"Buffer","data":"/RQfoinV3qSZCbYa6Oy/7QyHecU/nXX+9OfhOoMPB8k="}},"ao+asJKRGPPWCbvvoJkdN2vnMaHRmE1Qr52ZzrzRLD4=":{"valueMac":{"type":"Buffer","data":"KLm4l+h0eJg02sje6a5sc2Qmu/nQbvPPn3nX7E/jG5c="}},"auXOFXiVmA4BH8O4pug5eQv5YhY0TkmmaIpm+EescJg=":{"valueMac":{"type":"Buffer","data":"1l29qQoB7lrReZn8H4vK9c0cYjrpBTazO7NcXYt5LQE="}},"a02R/oluV+29jAm3vaaTGjzAPtuRRgBH+jQylEJRFEM=":{"valueMac":{"type":"Buffer","data":"QuTIO+hvdrXtqnKUS3NxrDIHg5foIW8LU+04PJ9jcLk="}},"a4flxUKCpUC4FjrrYN1ChE6hDEoTq2fYeH+wXLTvX/8=":{"valueMac":{"type":"Buffer","data":"/AvOYiIBeGTKqd9dNwjLWkanJ9aUtzw3I2wP/J1zJz4="}},"bAiEBM37dehJvfyhUK4EyywpSTMsM4E2Stu+CYdCIE8=":{"valueMac":{"type":"Buffer","data":"67I+zuWPCvjVZuvUwNqIWoQbfoC3MuX/nlAsUwgi+A8="}},"bIOnlnL1okq1JYq5929iHX4l7QF17RCeJPk6czn+ykc=":{"valueMac":{"type":"Buffer","data":"tU8et8dJMF644o993FGmT2tPtra3S6heIMlN4chF2Bg="}},"bMU4+X8Rqg7j0OCsdM7J09Q3LHQgibiQl6BnMo5G0Jg=":{"valueMac":{"type":"Buffer","data":"if58kZ0oNy6/B6dZXx3G7Xqq1zZGUI09xDUpnJ8UWjg="}},"bX76RgolwMVUZOwE+ENFrtIGOu2XCjQwn2SQp7J4CoM=":{"valueMac":{"type":"Buffer","data":"2g0sqoh8CrvshUUoCEEadk7+cOWP0cUO+bBmHS/YhjA="}},"baf3KMpg9ve17vYWn0Ygvn/31EGdkE79rBe0+0H8k6A=":{"valueMac":{"type":"Buffer","data":"FLEfraK0RVp7geU/3Zz55mxjb2kVgStE7VTYqVV1NRc="}},"btVe2CTBkNaNA8KFknLMMbU6GESOG6b/VY5ngvPcj3w=":{"valueMac":{"type":"Buffer","data":"zpxvCpodpz4NtdUE4EgWaBP9YaWmdeRjWdskm83/5dg="}},"bzWjTjuFHJ3dEojX/4b/h3l9b9QACkxKQyDZpuWt0o0=":{"valueMac":{"type":"Buffer","data":"Qn9g2pyPWKrZruesSRhqh4kg5JoonKy/+h/kzopnmzk="}},"b6mOhu0rdAPK1IOAtpTHTfJ+3QksRhxw78M+W4rTU+A=":{"valueMac":{"type":"Buffer","data":"lD7r16hB5iyFXQuQmeyv1mULGyDp3RUxqwJbbTpcxQU="}},"cAF/TUyMP+ZSsIVVOdydXEhtRXv/egDAukKxBk752A0=":{"valueMac":{"type":"Buffer","data":"DOmWJKG2Cqq9xQjnDe9GNwRE1yI08mJC5GAdfWDnY00="}},"cD3egFmpgVnxDyThLY4gpBU/nIwacN0TWJLIU50hmgg=":{"valueMac":{"type":"Buffer","data":"We+fQTyfivkU48jhbI6j9sYEGpaHi9BJ2N0H0yLvcdI="}},"cHE//5EOo8PLZqt2JlQOnBZkcuCG3FueD/+XwYbv9/E=":{"valueMac":{"type":"Buffer","data":"uHW10S8vLddFc+GqsMoGjX/7kW5SGyDYIgf51hRCP2E="}},"cK7UMidnW3ofQdfVQDQUrXDSKqmTlmIodg2kDk3Klvg=":{"valueMac":{"type":"Buffer","data":"1Bm4SYPmh6jGyh5Vul1QqJAulWCFZYW6pqyoRsEmW+U="}},"chEMZn9wPP0jSdiH/v+vravGFJUNj4189V7Y0+dSKp4=":{"valueMac":{"type":"Buffer","data":"9XJhvv7hEO/S02iXNixn8TkoVk+VRFCCM2Lb6WgwvDI="}},"chh0nIxG/qBPmtrp2uByTH878yBPX6/vU+uqHNMYtmk=":{"valueMac":{"type":"Buffer","data":"UhoE+ckUw7GlViPePMR829EJ3V9J3ht+Ovc5G259k4U="}},"c4yVVGyc5ty3d1j2kohZPpl4M7i3d2CoGwjNRauKcxY=":{"valueMac":{"type":"Buffer","data":"iYrLCHzQZhRLcz8dwlE0j7AjCcu0NwlCQWuGd/Qppeg="}},"dSUalcxybb/KLLz86x96JidjtJSZ6jUEF7XMgwbuNIE=":{"valueMac":{"type":"Buffer","data":"dHwH1YjH+8E4RZyk3j2kvH+/pz3TrgtUM2kby/uJ8sw="}},"dTxuZCeGKHOiWkZvKuFsLjz1cciEEWfUiyX/DHD9I8w=":{"valueMac":{"type":"Buffer","data":"VpUteaQzUb5lmGxKMrhtIo3w/G7H2WfJxABd4pwUORk="}},"dkW3d/XNIDw+lAMpf0SeXnMtWmEcz3Cww6v/he2Sl/g=":{"valueMac":{"type":"Buffer","data":"VTOOgx9n1FGPGfFvb4koOIFWNm6mtVceu4SWtvbP//A="}},"dlaNsTIvFgawpcQaJbOlZC5hA2WRcJI40FT8tnxBPaI=":{"valueMac":{"type":"Buffer","data":"v9OLP083loc2y8KpBjO4uO4iGxgswc7YXPsG4UccZ9Q="}},"dnTJtqDN3GIxYnN8/YBJUnCJkXghThCA7O3ZK+PFHp0=":{"valueMac":{"type":"Buffer","data":"/YRjEZ3HCYfYRKN8RnkdFW4NbuDodEtTCMlVW25MjTc="}},"doNAfllSWd7RjLHmTir+Fkrdiu+bzkg3oMnm9taQ8m4=":{"valueMac":{"type":"Buffer","data":"M9FI9iK+PcGEOoagYqTLekk9JW1DTILhPFFCMpZulZE="}},"dubJ5GhtFzNw1phB2BdKXQftfm8sIpLSBzU1KfzZzL8=":{"valueMac":{"type":"Buffer","data":"KiZLHZiwnZo+Ng3yBl+aUYDaxwBjlJH4UYMlgZPPdZ0="}},"dxhKOOppj1U1JYXWXLZfOOZK1y51N0pSoNTVPLPYyuw=":{"valueMac":{"type":"Buffer","data":"CzRRuY/EinLX6aRJmptQfa44Yp8fw5f81GG7+/99ohY="}},"dyZj4aUw3rBJFobu+zwMtv8VrCi7l9S2KTIQONjtxf8=":{"valueMac":{"type":"Buffer","data":"7Hti/Dv2Gkbjnq4/KhZsjmRLmvQToDj8CcDVu+DjNtY="}},"eJvKA+yF2qKFBwLG+FsTVL1zjH0EvukZCICt7BtGfBA=":{"valueMac":{"type":"Buffer","data":"ecO3T71Ramz6w1ApY6c3SDmbthagqisi4zA1zK3Sbk4="}},"eL7cPsTeCoiP+lUBMyB5imraHw2QiCfX1EABrHcmR80=":{"valueMac":{"type":"Buffer","data":"G3EWb0VeQ+tH1b1mhDfMkbvscNQ32QgFXm3C3huF86M="}},"eW9J0YzjFAoqgvnHqg4IJrw5Bb5ioAnzW3Hk7+Bg/7Y=":{"valueMac":{"type":"Buffer","data":"ncQIrY9PpT5Mu6gAMdD3QjNXWy1Kczl432P83z0aPz0="}},"emImHI9L7ciSEcd2aucPAwFMpBgDmaYrrkJxeu1LpH4=":{"valueMac":{"type":"Buffer","data":"8ybmAPKsQrm6emIfkkpFV1YJUmCVT2sSS4L7wbFd0Ns="}},"erh6mIalcRTENyZnzRYWq7ptJhk95ABsZGFlpZ9XsB4=":{"valueMac":{"type":"Buffer","data":"la8vXWHF1HvJ30/fJKjNEafRrjnG2TJgsQ/vNmsl7n8="}},"esv+RvmGUWrH7UZQt3SiORtZRK24MARtUNEG+1ppbQA=":{"valueMac":{"type":"Buffer","data":"/rNwpO7RuOsDtpmCNIBUj+2Jyn0TrSZP9uXSAqUj92w="}},"e6rnP5Q9JLZ0r7q5+2s8v18H2ANGqzhSsUrhDDjNkaY=":{"valueMac":{"type":"Buffer","data":"auMc4jHDoB1Zq9tpGyL4xm624tKTiCAH0WXLl5heI8Y="}},"fG82rASIVCaYQ+RS3TNNHbOaxgWk4KvBFGjyg543Wd4=":{"valueMac":{"type":"Buffer","data":"smchc4GG8tT7nNoEScOiFfAaHyQ4+4zeiey5lM8+3zU="}},"fJspBlVaI3WFwz0afvmKoojlHvUdFbB6CikztmB5Rvc=":{"valueMac":{"type":"Buffer","data":"HfZTY9H5fK1VTvAqaa12HG4SamvnQkO+clo9nau804g="}},"fjqrKyLxLsUKEUsNDmPx2/g/jrpLK4waDilQ/2Tfc+Q=":{"valueMac":{"type":"Buffer","data":"50Fx1k+I0ZwBnGnEmN0o7alek7acdpFAP92YJle2tYw="}},"fq1+TXtyIcPB3ANlU9lG1tJst3zJY6+cmv7CP2Btdfw=":{"valueMac":{"type":"Buffer","data":"2Ofteo8OQuyNODcejHVL8nHZRTkfTsp1q4dSww213Ek="}},"fz2jxg336BB79bNE38ktgpYMkcyo+Lb5+ZmoBlMW4J8=":{"valueMac":{"type":"Buffer","data":"F61LGDjj6Ml+epKHnXG20lmmSUTIceqKGvB+N0Y4xBw="}},"f/MIqZcCv+cdFMpkspkOSSDQ7wDi+a0C7VjfHs42epQ=":{"valueMac":{"type":"Buffer","data":"jQFMUSAh7dGduuQQIApNxBhYpPaIL5Fyl2Gt2SH2qFY="}},"gCqyhqb5Leuz0JBsjvr2xv9xac/2HMSmR189IElkP5g=":{"valueMac":{"type":"Buffer","data":"nxxbuGRCcCQDzTtgSwBuhug2S0nOey1LPuSgGfEg1S8="}},"gM/nIjzBXKc4Rs7rP3lDhwwP254j5LhfgUXtsAif4sU=":{"valueMac":{"type":"Buffer","data":"ty0wOmIZ/pHBpbp20vCpu54zofL/4jXrl1gC00HaeeU="}},"gP/pTVN3+ZMzdMzwkkbom0/TDywV89MWfWWvJEb8qaU=":{"valueMac":{"type":"Buffer","data":"ibeas7pRHQd2HQxhrghmL09epkLW2ky3iecA986S/Xw="}},"gV2vKfROKbETOS0UCexP9Xe889afExgj4S1xlQI5eEc=":{"valueMac":{"type":"Buffer","data":"QvSKcK2y+RamvDaqZreVZOF8fLzVM7b9KeBqouhnS08="}},"ge1pN50El5NBxeFONitHqaQAYPSKiqRKoaT80drhfjM=":{"valueMac":{"type":"Buffer","data":"gUxWAauYJPu6tBiWuwj07XOiKb71itCEuOzKNuYMBGs="}},"gf+D9hBYZPfj8uYRM1fNVMwxMK4rCrA7rZZn4a/2/ds=":{"valueMac":{"type":"Buffer","data":"E2BuEXTacJ1z8G1rJJLa5WXE64YcYkqr45Ls0YmQZCU="}},"gpRpKRMLwlF7QUNLtpJYkDWGQm9N0bA4aeY8DwSib5A=":{"valueMac":{"type":"Buffer","data":"+9wSMuFJSyWgh9ugBy9ceUEjkvfvYl9s9c5grIq9iTo="}},"gqSrar8RFMCSxwaPv+LIEuuCBRtO/pxyeUvitYeHVTY=":{"valueMac":{"type":"Buffer","data":"ToHkZ9nQvJiSMtc/qd4+HVLM3kq8YaO8+t29S3G7H1A="}},"gtMBXpwB5l3bV0Ac0WjY0DbbAu77fJT8IIS242zmkiw=":{"valueMac":{"type":"Buffer","data":"PnLSLWGWrbWtjGabj1lF7e7Z7+3lIQK1YsO1LEAbJvU="}},"gxICkhbqYHJHYDfQKRAKhGPD748ScLVlqo7X7qeuK5c=":{"valueMac":{"type":"Buffer","data":"wNrWtsfsPPrzxDPMw+c+K3ONufobXOj+BoAyHTglPNs="}},"g/D2rWIe6VHoPjiEUID7LGjyCjg78lLWtmHQRr32Rls=":{"valueMac":{"type":"Buffer","data":"jOLrNBssUbUpVmQ3eZciwyoQSlhQU9tavFXs3S0ktg8="}},"g/bG4KsrqWI/pIXNYXuR/oeSQc/UTpaRsiSFZ4aRZ80=":{"valueMac":{"type":"Buffer","data":"XhSICDPdSAb/NYUYzhYDHjJtnrAWHuvLHw2YVugFqaA="}},"hAWMd6aDa6H4TrjKl88+FqOiao7AEsPQ/SQ4ogn3Kjs=":{"valueMac":{"type":"Buffer","data":"fF1kQZ1f2ulVzbgLIfcdL9GxEEYg37Dcnzoi8lNuEnE="}},"hGH7GOT3j01LvBqYH57Lp64Zjv4m3xO92nCE+RPnZj4=":{"valueMac":{"type":"Buffer","data":"r06vReP4dywPiUgM1uNw8Nh3Xy9Af2zTqP3xQORYd/s="}},"hIUSWUAKIvx6u70iuPgvuRE6K8UYqvicrvEw5i//J8s=":{"valueMac":{"type":"Buffer","data":"K2lGIwq0Z5s2KyQ6ezo8wLC5SfnaGn90Y8oiMFXeGik="}},"hLZvBcDgJOPzmZMtN951vUUcPwXve05Tz32hkMj9quQ=":{"valueMac":{"type":"Buffer","data":"kAifpPI9LufqSLM67p10yia8wSqyqNY80xY4JlFEEDM="}},"hOh5htf2OKbySdagAqOwp++BZHK4HwXXDPN28BCKdqc=":{"valueMac":{"type":"Buffer","data":"Qp4KegcK2Ekdnl2i003Za2d7WTLzxpu9zWc7ZQN5/u0="}},"hegJZ0oAxNvnIaJEGrWEonPzgSlCKZ3bai1eTBWVKx8=":{"valueMac":{"type":"Buffer","data":"NwaEiU4UPYGOusr4pts6tWEz8UzJ34VUf+AgcsYzzF8="}},"herQ23peigZHKc+G+C9NNa3SUv7q5XMRktqH+ODjPYM=":{"valueMac":{"type":"Buffer","data":"THF49XokzoxjxwbCM7JCuwDq298QVG82Q9ukOqxMmL0="}},"hh9V50xX1aH1D75yLY6Q6iRhyq+5RA0WYGprU4wavAg=":{"valueMac":{"type":"Buffer","data":"wCm3/5WGnTEuNbURUaRwX+dB+FpZVCnEgsdpBhxzmYE="}},"hky6Gi+xn044iMbKfxNlZW8pHCLxwVQ96qYKquwZkBo=":{"valueMac":{"type":"Buffer","data":"q3rv2r9Idbd4hpp5RhwyepctaIdUb/GYMaznt0klqVw="}},"hlmhZJnK0uTnrEEQjB9zPg1DE+GI3Qr2yCGpSu5BxFo=":{"valueMac":{"type":"Buffer","data":"9dgqoWlX0tyip+TqWnn1Vf7X1GlUKA/bRnerDIOOBAw="}},"hpYF8NWBq0+3SJrVET2ERG9Ba7l19TKbigUetX9Xh0Y=":{"valueMac":{"type":"Buffer","data":"SaTYa9u8k5NZT6UX42SSoF0TwXecen9N3jOuVzIRJvg="}},"hpoz7BQyCSdr5fM2B/y1DiEyC7iE88mAe3HYCbmr8IU=":{"valueMac":{"type":"Buffer","data":"ro9sCV56Ux0wU7n5NaM4eYN9moMkOm7P1SGMyNRa/qM="}},"hp1ltJNRyTFMti/sxptEIQoKiDzqA1oVPSN+KBX8RFc=":{"valueMac":{"type":"Buffer","data":"EoMJtiS3L4u4bKl9MG8j0PbVIzftwof4thMN3wiQgT4="}},"hxT0Hldm0bV8g4H3jx/BRrE/leDGc0t0jSsWqGZIkeY=":{"valueMac":{"type":"Buffer","data":"OaLCN5wO+V9/NDQOcVZDXJVyWtvmvgZUFSgLssdVWh4="}},"h7zeUG7PMFjB86ARWp+Prctumc9akGRXN0iigpH+j6k=":{"valueMac":{"type":"Buffer","data":"CFo0992uhb7mF5qex6UF3ZpOeO4eusKcV/biJ/68QcM="}},"h8yE8ecsIKHifdyA1lEA/JeiXoPkW10aGPZsynKWDmY=":{"valueMac":{"type":"Buffer","data":"9Ea+iHpXZpyu/b3bu/LN8fcioZo23Yj7tq6J/Uc0WGc="}},"h9pf73hze4s1avfgqseyvOfSdu3WaRtC13YgNyM8XDg=":{"valueMac":{"type":"Buffer","data":"u//CP4BNnCLrKyutzxPlrgJjPWk3YQIt5jhUWQFzSrc="}},"iHtt2LO/0czCRK7sKXO2aErdRVG4xnwdBG7Z4TYKDD4=":{"valueMac":{"type":"Buffer","data":"adIYdNir2lr0GJOfEXVevT9Q3oOQTbqHu1MgoC2Z9cI="}},"iJLIWBmt8qI83xvi+GJyRqZGIn8+9nxi484Rept3bxg=":{"valueMac":{"type":"Buffer","data":"2hEVDydnUnaByIZDOkFaP24H2wxy5OEtRNrTv6FKlSY="}},"iT+KY+IdFsFT/VFPtLMXsKn58eOm7vx5SzPiL8HPyCU=":{"valueMac":{"type":"Buffer","data":"YF06hN/P6ijQhNbr1AJnE9wUxhLiyd9oWz4MeylPHxU="}},"iUmO9uvk+spHS90xTAmkoAU65DCs9n4BS5rpnKrhT+E=":{"valueMac":{"type":"Buffer","data":"P/aePVQxwREjWDAf0W1jcR09aQopG5tylSq11VjybrM="}},"iUnRjDFe03NzxCo9XF1T166wN1YdknND+o0JDrT68sg=":{"valueMac":{"type":"Buffer","data":"afsGyGMcUbbHoIieor3/7phth/CWd3g/gx+/DKqIMOY="}},"ido/23I6y+uQhgYZen6aih11q01rwec0LgdI7qn/DSI=":{"valueMac":{"type":"Buffer","data":"lIYB4CtbClL/92knxLovDXLqImuRwuMtl7ie3mC7Ou0="}},"ih4W1WkszD2FJFUhXeTyAf7onzfhf0OQd5dynByAdUw=":{"valueMac":{"type":"Buffer","data":"x57QLtU50ej9EHhTJf8n3QjgKgAMZM22bZxsCZoDBmA="}},"ijTfFH/v46a6kVvWWS1Th07BEiNHwIsOMOGZxMpYNLQ=":{"valueMac":{"type":"Buffer","data":"wUB73Hwd2WLAtBHWVLsBPPBUj3v/4Ta+sdQ4cYpC2yU="}},"ij8LlhhBkfBJQwWr5vbBv1ibr/LPUFCzb755CgkyEiY=":{"valueMac":{"type":"Buffer","data":"Nc17c9PwVYUxBhPiHDxY7JtMESTKy2wDaWl2pEGz9Oc="}},"i4BN+JBCTDymIEQCN6Ch+F5T6TOsAt/gKwSzcFx5Tpg=":{"valueMac":{"type":"Buffer","data":"G+b8PxuQsSbsWzOo/naqGNIi9PFrTclu7BOT0N+y4zM="}},"i4hvlEKzpAcshflBZL808qkIWvyZqRmckaX4HbKuApA=":{"valueMac":{"type":"Buffer","data":"8vFIwyDRTrKurpoVM+Pq6XmhfmMpAx5YGOuomtceMm4="}},"i6OzIqDfFG/NjPkDryq7RXE6vHMLSMTg5rMo3uPaz6o=":{"valueMac":{"type":"Buffer","data":"wZ2qMmy75f9ayQwg4MpIObx4QWd0ok/COb4WHWaWBSY="}},"jFA/Aj/Yh240N5N366V7921B4Vni5FdF/JLKyyF7mGg=":{"valueMac":{"type":"Buffer","data":"f3Wago+5UVStYAbBVuYwXI0TExSUtMnol09BiA1/9pg="}},"jH1lVFKUrq1hefpKQHDIpq90EAqt197cLB5ueejcO2c=":{"valueMac":{"type":"Buffer","data":"le7rHqiQG9/1hMVLHBnkVoPwMYxtq36LhGcSw3tDLaQ="}},"jREpD422jAzCN5TLaYlA5aWaavRnMsp0pzFkzjNg/4A=":{"valueMac":{"type":"Buffer","data":"dtfSGcNkMo7ys+QJz2QQvZPwdMbCoojufH4GxS8IhvU="}},"jVroNXy075+dvkeOkBThBz2/B8iXjafFR+cLwvsddEQ=":{"valueMac":{"type":"Buffer","data":"cm65M0JmSRomUJ1GIMifirVei+5RevbRtrYaIWK0R4I="}},"jWsHUzuF60MQ+PdZrX2VRnrsStsU+okb9lO9P3xW0ls=":{"valueMac":{"type":"Buffer","data":"/MJ9Ckaun7HPMcuLGsNtprjlJ1FZkfUDZ03tYKEI6Eo="}},"jXQqTfOLjn8IMwb1vJNj7KCA6E8U4Qm1S6o20wuwclo=":{"valueMac":{"type":"Buffer","data":"JC5f3F8IhwnVjhQesrLlIdj5Wv4N81H0yWA+Sx+/k4M="}},"jefEaMHRmaEnfqh2CsVPAd0jSnVOLV5//mvyzjF5TKw=":{"valueMac":{"type":"Buffer","data":"21k164FDYeiVPUs85ZBP7bTYL/H6xMFvDhREkLtKJPc="}},"jfMU/d0dF6aFWZtl40beQB+TYt/xXYYVuSsxsS+1Wwk=":{"valueMac":{"type":"Buffer","data":"vuZsVp5PKYelpUJ8TVFzuv+MQDQIbxGm0zVHBmNOmBk="}},"jh7OCTCape6Xfd4iNa1xUs+ZAziSQ1/s7nm704welRk=":{"valueMac":{"type":"Buffer","data":"ooOAqDUTX70Ryj4y4OODZ1dR+i5P+vprBJoxQDEvIuA="}},"jjZPw4djO1aJijhkM668zjWxYqVmIX8DWchN1IExm+A=":{"valueMac":{"type":"Buffer","data":"AgDlATqAbGAg2a6sVUOrz0j/06mX1uZctVrUY5u+UN4="}},"jmLUCV8/geMb8bfzXFcBuvLZxbBvs4+p1eNOZBXfyWA=":{"valueMac":{"type":"Buffer","data":"lVMhLuobsGg8n0STmds/1xucRX7rcYzo+r7OI9acJ2E="}},"j7s63l5K8BLKb8U1o1DOUEbGZs3adSvcRQJ2V+neVBs=":{"valueMac":{"type":"Buffer","data":"jD68ey4egHzvGS+yB0iJ1acyGf4+fWhq9CstGw2uAhw="}},"kCQkPJ/cxl6L/7tO3vwZAD7YmVm+Ma5K2ex7MOTLSQg=":{"valueMac":{"type":"Buffer","data":"RREngN5JVw/1uRUM0DdpzcuYlyZ8DnRtyOXmMR8nPnE="}},"kQGbJnaBi5WAfcACWT81ktIACsOsAGQxe7/uh4MmmrY=":{"valueMac":{"type":"Buffer","data":"edY1qKZXAogOob7RVo1OIjut3CuylMsA/tKe3FoKkfA="}},"kTrPKzRWhwe1SmcZRQmzRhYonZTtVUKCHy4XUYfyYP0=":{"valueMac":{"type":"Buffer","data":"ICprMoVvIzyJOT77edPIbatwB+DIE6nImrYgv+YMw9A="}},"kT/0I7OKy840dTwlSxjou+XuK2DJ0l8euyBoJbIGIWY=":{"valueMac":{"type":"Buffer","data":"gr9nCspPWXu4fwBvfInF01tgHibIuEyypzTw7Jhxo9w="}},"kUGQh0IMMCkvsbKFUNzp/SxfHJA7vNE8e0JbFQnY8kg=":{"valueMac":{"type":"Buffer","data":"Kvo+TXh5IE47ikh2xVxooxH+z9gI9UgaXQczzuvoJF8="}},"ki6VQEsUkcA3szMcTAcKPZ+hyr/2yALLmVNfAY+3ZOY=":{"valueMac":{"type":"Buffer","data":"w0b+83Zo3S90la/z08KVNBzzNFg43Vmk7fUrnln/Lhg="}},"knPgDa9xTQZOCB1LCVGxPi+zbqOg6AtqU1Z/G9R/V5w=":{"valueMac":{"type":"Buffer","data":"C35JlND9OSBHNConAjfWaW93aQpmkTuIo0tHfzBB1ZA="}},"kpSzYpnCKbJE2KUGPNxtqdz7pikEROJSzXLdzvtZIds=":{"valueMac":{"type":"Buffer","data":"ISjREUi5P/OL+3QyQbks7KlZLl3IijKpdHVNQdpuyjU="}},"krqos2vU3rrKhkzPR+O8UymfQTdoKhsSPuZv0bNd1vY=":{"valueMac":{"type":"Buffer","data":"bgU4aRfo+8F5RuFvuXFAohShO/NrCjh5ivrDO3qdXUA="}},"kr54BcVjyrE2ygkCPLUYu+mKJbKDq3NYAEC11zAof90=":{"valueMac":{"type":"Buffer","data":"/dPcxyYnsWW6H18QvhUKhA3ouCqzg3i9Pc/qLo6dcu4="}},"kzKGik0TMqDQnyOmXOaJmPcp5VU8uHajMCkh2JmRAEk=":{"valueMac":{"type":"Buffer","data":"5n0taPN1x2NdQHbkip3S9pejs3OSwV6IzsBwea0T1/s="}},"k1o2eY+kzCGxfKbGK9T9u0ppfMaNYEuL0anks6VgaKI=":{"valueMac":{"type":"Buffer","data":"A2dxjrbeT3b1gSAT/wqeyJ9QAQoVp50L1AC4sLtguPA="}},"k+CsMqROxASD1yernCPTpQSsh/ExKWHaSwcM7vhN3UU=":{"valueMac":{"type":"Buffer","data":"nSoTwDP8yQRAomXp+Bq6QZRPjprEknRDK5Ng0vBg8Mc="}},"lBZoa9U9aqhBk3fYvLkTJwQdNIFXXGmzwN8EHbLiCRI=":{"valueMac":{"type":"Buffer","data":"iiunE3P80uB/2GfKXJC+LC1vxJXpbNspucBAiLVFtzg="}},"lOoeIsvhS65YjsyeWf5ICqercs/gLfYRtrCG0gKyXu8=":{"valueMac":{"type":"Buffer","data":"05AbS+tP7X8ShhpvGs6pUgW/XzyQ9tXY/WTYe0YBdUg="}},"lRxgyXURSv83csPiIBER0T4kozya/tNfFGcM1DoJKgU=":{"valueMac":{"type":"Buffer","data":"8wSGP7zyvEjMC3ZBPgxtiJUFodVzUuSngP8UuXi6cXQ="}},"leGg7ZsG6NaOYDnq3kxgM0v7xPBjJyodh6hFLHVRND4=":{"valueMac":{"type":"Buffer","data":"TT1NjGPFGr1Y73qtP4kJkDVjsGra8L/e43OYmfzwl2Y="}},"lmuiUfTPpQEzvPuBVYDtKug6eEGP0U2v1PcCOxp5A3c=":{"valueMac":{"type":"Buffer","data":"+3ZdRZUKnZo1Y4mxiYUelWRgQNacbR+Ra6pbufaqJYo="}},"lm0JGY70V+Uj/Tjh1qTy8irviBmDW9ulblf7Kl6tmoo=":{"valueMac":{"type":"Buffer","data":"HMs35dVYVshLBR0twgWE+/SA6XZQ41EOHy96yN8trdE="}},"locBsEHEEj3Yt+dkNOImo658WbTq3+VLM36o+Tc7siw=":{"valueMac":{"type":"Buffer","data":"oel69wizZqsAgawo++ibyW3FyyNzC2zVgNfZdCNvCho="}},"lo8syb+qjx3rGZDdhWHrTD9bodDt9w7RoJJxGPMu6tc=":{"valueMac":{"type":"Buffer","data":"b6BtdxlTFrOWTpeQhKG4Zoiah+R8H16HvQ23NlqWdQA="}},"lq+N+micbv4BZk+bF3kk2QrGYOzmPZNQ70HhTgQFI6o=":{"valueMac":{"type":"Buffer","data":"OlemwoKIMgAO183RMs5MmkS9t1tvHHxxjSVzVka8Vzw="}},"lzx1xZADwk2jbfH+LLYMSNS/IVth6ZdCs9pZhkJP2x8=":{"valueMac":{"type":"Buffer","data":"bFj6IqQ+2qBPlMjq4Cy0O41d7tIoLHQIbJ+FfiTG208="}},"l09NCxozkgjSQr4CjBKjY8rpN1lHkPx2fr113hgBQQE=":{"valueMac":{"type":"Buffer","data":"dmZovbd5EPQ4tO/Ina+AKeztNGT1gFGYVVdqM/mEgi8="}},"l1npADSZBQpj/O83bUkzg4dwC9BfYF4ejC6wzopFeIc=":{"valueMac":{"type":"Buffer","data":"8E6BDrO1qOrYYCFBcAOViOsg1OYE7Mo1SZGUE9JfAYE="}},"mGaJwxKWOarh+t2rhfVam9LjNWIHyYWkbk6ATpaVbZg=":{"valueMac":{"type":"Buffer","data":"Uwyzh1rQ/tCIe/AvDXIj7/1ScGt7pf/5VegIzzNNDNo="}},"mUjywZCfKOMGhiC42LvpCKeasN1dZjPAQ94/dK/OMGo=":{"valueMac":{"type":"Buffer","data":"j9kyYN6PQLMzZmg9PHtj9g93CKQod1tFMcxr6BGbHM4="}},"mbxwQYMXuxphZSyW0ZbRW+qDsv2HboMmsoqkkNOBoQs=":{"valueMac":{"type":"Buffer","data":"tUkzoESBXd2A9m4PzmEA+hlVWJw9iORK0zAvejxocw4="}},"mhX7t8tbV7VONVda8RS24toze8RhcDKfpRPBZIpajIw=":{"valueMac":{"type":"Buffer","data":"xFtM8JMrdBGR/Gw3JvscttgY0glKkTXPQJYTeb/K7E0="}},"ml6nZHGmWR1LE2n74MSkixbjp/lQdVlUqrsKgdIKrsA=":{"valueMac":{"type":"Buffer","data":"2aWBhxLKavZ7OsIlhVpKy84k2be/7keaoPB+v7DWxDw="}},"moueWVp9K//V8ibZ1ygJOtcZWWbVBWP/GCyDrtC3CsM=":{"valueMac":{"type":"Buffer","data":"YQK14nTaANOkv9kxW5pppM7LqvIpMz79Fz7SDzfii3k="}},"muoV74NQMITudt/6EvrzTUGck488YRKRpF3S4CqMX8o=":{"valueMac":{"type":"Buffer","data":"B82OAi/ac1St2oT92lCCphgOWuyqOP5Kn2YrtpBqfpc="}},"m5ReW6JQSxuRecHiH3oJy6uEwLAGgyoI6BpODpl11vw=":{"valueMac":{"type":"Buffer","data":"F5Wt0+XqNsliqDifTKQPTbD3mCDyhxIH7GWgAHMGGYs="}},"nGXHoLLUxYgxpUMmqzp3cjDKBV6ZMMn+kvId6pvVlGo=":{"valueMac":{"type":"Buffer","data":"cLVwsX6UCnNvj1K8B5er00hejb4G5VQXYvMqrvp968M="}},"nHDLJGDheG7xaBpEJLeqPkpsC7sqOt63X6NXkGI+eiE=":{"valueMac":{"type":"Buffer","data":"MSqeS0NHn/snomLugfcgdY/mCZWis1QcVRTzk1i1htw="}},"nH0QKJrYXJgQJmV0W921XeSBdH79hy3x7EVL0pEmNUg=":{"valueMac":{"type":"Buffer","data":"w/IVVP4h9OEnzz71KlnFW5byw1CYQ4EMEsOCUhLmGhM="}},"nOAxS/KJnOp3dEWCNI/GFbPFFIuqN+arr4odvppIzV8=":{"valueMac":{"type":"Buffer","data":"ax9Vas9lKa/40MTYsC3mdPjHKca55YbZ7tParpycs40="}},"nZ8wPnoP0FmuV+UmaQBR3nFUDqqHOCdqqf2YASJIbOA=":{"valueMac":{"type":"Buffer","data":"IPPvpDMV0vtg8TXa4Vb4zbVYzn40AZud+zc5VDR62jI="}},"nearWhwUQPLKUxX/C38Hq8757Q5uV7FFYtt23mSI++0=":{"valueMac":{"type":"Buffer","data":"LBx/tFj+nPUCH7eCd8S7ti1KuwXwb1IcVXZUq9FnfiM="}},"nk6+EkTJZWP8fDtbrC7A25NE3goMYl7Qbu7A0prWkjs=":{"valueMac":{"type":"Buffer","data":"i4F9fMdNix6pjtlvlV/+Bk+DVe1BeA40hMOc1DSvHz4="}},"npfwlXrwOL2oMiX22p+UTRdcB92m6dWuzGFjqc+SUGo=":{"valueMac":{"type":"Buffer","data":"fPW5FBhrk5zADT0Yi6QHkQJb667hx8KxrxUR9MWn/YI="}},"nqk1M9DyatcytbJ4VOc6ePRjoU6HFGwAvp8J9HMvfOk=":{"valueMac":{"type":"Buffer","data":"8pCAdqPbHODCLXfqIMuJPDT1ig5tsswvEvv1IiwE73w="}},"nthX0oN+KNkz43AuboYrYtlhch0dSo9Kat6PErQIoJs=":{"valueMac":{"type":"Buffer","data":"3Xtms8VqbqAB5LXHXeG/gRlUbZbi0V3ynjih0OCW3BU="}},"nxmzQ9JliMaZB+cSqrI4ygf7UuiUwTnjG9X0oALERv4=":{"valueMac":{"type":"Buffer","data":"DzXFQ0N+SpDmwhHDZFMniNHN7eRL9JAdbPR77TC1Vyg="}},"n5Q/9syt3bITajJPD/U8wmaJhjx0BpLBJOJi4Ykd8Xk=":{"valueMac":{"type":"Buffer","data":"i3sABiaH47nS0pZ4yfwv6qapJkIVzsOSZoSSMRU9AFs="}},"oGmHwV9LMWZj/JkwxjcjKzNO7cOeit1TvEXVwwJNJ6Y=":{"valueMac":{"type":"Buffer","data":"M9g1r4JHNzSpR0kovJmp0Oj4kneifI2g7c1x4AFxD5s="}},"oIm3v8A4DFJ+egpMKIRLafrsi71nh8UXa+dUpP7QmTs=":{"valueMac":{"type":"Buffer","data":"fpda4H9gIURZ8MSO/McCslvXOqmIP0Zb4K/dbJKJlZo="}},"oRKlYtt+pn8OCsephNVafbv2V2Ox+taKCxJkv9zN2w4=":{"valueMac":{"type":"Buffer","data":"jSRueyJA3my9BNC1iNjotohjgRgEcoC4n5Hg/h9TaRk="}},"oeJvhf5pUdKC2hLajsNQunoJLvzbdTutfUNyS9pQ25g=":{"valueMac":{"type":"Buffer","data":"zdIa1SKQSkXB0EtmCj6f0MrAW6ELSD2D658+unBorDM="}},"olRraYThIxq8zyUlHPJrBR3K3F2hMPcJ6sD8I2pI3c8=":{"valueMac":{"type":"Buffer","data":"085I6KYnLI6UDgpNKUYyGHSnGQqWmJo8KabWF9+rdhQ="}},"omq63mvHHdKnHS+Z/GBUO3bR9YQTV/Yo2fbeIBTrQu8=":{"valueMac":{"type":"Buffer","data":"NfKbJm+y3smGiUa8qFpuWGp2IgTLLrJzedtVYvoJj4s="}},"oof/yhLEqx6B8vksxGCPT7WW5Ek8zl54BEhA2n+1ZiU=":{"valueMac":{"type":"Buffer","data":"KC/cXSDewKVRHdFuS0U08PIkYwywud3nZYrvgSuGlFA="}},"ornYsKpkSUTD9lrmUUes9GiX3HY1qMWc1Bpk5hrfEdE=":{"valueMac":{"type":"Buffer","data":"2N1bK6eN5ulpMXMCeKYNkdLyiVGl0zL95bX0I+35p/w="}},"otABzJw/Cein0+FSNZR3o0imy8QRl5rPTJZsVcl49vM=":{"valueMac":{"type":"Buffer","data":"G2tuAi4e31j5+5HgOqR2Q8VhC1gdMizUw/VIWSdDrnc="}},"o0UoZHtSgSL9kYnpgXBhj0lZCmaXqcjSbXklS11MLSQ=":{"valueMac":{"type":"Buffer","data":"xcEnTUN2GtnqNcJ8SFo/p/EsNhzNvYdRaZ0XjeSXyQU="}},"pCoMV1JqiG2hbp02Ml52rW3iTakTe5hSHIqS/dbpHkw=":{"valueMac":{"type":"Buffer","data":"zXj0GvYL+TMSUdYJhQOUePnBoGqYnhfsDbwzzhue9EU="}},"pIvxhdki2fXY46dVVoo2Ez2wxtBrxWUC0zcD3zJOYY8=":{"valueMac":{"type":"Buffer","data":"smgXXd8zeQSMqxWVURdG5scnkeIMtpvaSD6G5pf7IGQ="}},"pL5df9Fi53uxS8oF+Q/hhemyScDzwXdN1s8lgDRJJ4w=":{"valueMac":{"type":"Buffer","data":"GQEHudR/8WE1WvqdgiPY4GkCJfHlfz2hCbXX6qYZ8ug="}},"pNz0uJNSz+vr8TUdgVqaaV3hEHWHnSySAx/MbbBFf8g=":{"valueMac":{"type":"Buffer","data":"ImxpwuaRfyKhKZ3ewHqZl7o2E3AegEhn9I2oRhj+91w="}},"pODg+m4HxPc0tNuVFhS4FtY+AUzoSog93o4V0E7gMA0=":{"valueMac":{"type":"Buffer","data":"BkUVPmHsoIXWs3X1yWVfCACqLi1Vd+31RVgIs3CtpMA="}},"pUIrksXjZ9I3RzQY0bumpbMtU6zepi2jWj14tQLxeTA=":{"valueMac":{"type":"Buffer","data":"tSuHChRf5hkvWZ6Fz4HT3sksjCl63O5fkExo7jFIcVs="}},"pWVx3DHtdVT8DybdcyXSgmFTWNGDjpEhNbp9Y9bLT24=":{"valueMac":{"type":"Buffer","data":"g39pQ9I3FqRpEynQv5fAdZUH5oHFvcqLPw/+JpfChQ4="}},"pcmuu2yNl4k4K4gy6hu7tlugGWDkCWqdZ4B9n+r+D1o=":{"valueMac":{"type":"Buffer","data":"QwxZ0dvPQ+A7hqUZUdRyIxk468nEvz+ckFiTDGWG/Mw="}},"qAMrqqxZHS+44BKTocDEEQtfqrnWnE8QUPw7URAhbKk=":{"valueMac":{"type":"Buffer","data":"IrqxqmwMB6+JNR85zRjp9RbGZDqHX2yrL11yzbfRUT8="}},"qNFd4y4bPhGmk2NWVX6FulkWcybXr88xpL7gHaRMzD8=":{"valueMac":{"type":"Buffer","data":"mu3CmI8CgiVQJyfgnrHjEoc0UrjZLMnojZTwRSA+yDo="}},"qNxD6Akrd/7+VGlyr6CJhd2CSXJP8dmm7ghJhsVMQus=":{"valueMac":{"type":"Buffer","data":"6jkLC7egTuxJev+shP+j3sS+YK/D0xBaV/eeugnd+ho="}},"qSU0VJzYYDWk1ZwlcRWqSOOJS4e5mH4uxQyVYQaIlxo=":{"valueMac":{"type":"Buffer","data":"uJnPOdIGBxAAoZw+TscN2MtWUL1LJ2igGZVghL9idcQ="}},"qXWBkvGIEHYfLIkdoOCO7JoYf99c24u/NngAG2uglyQ=":{"valueMac":{"type":"Buffer","data":"EdUfLi0ENW/sIT+u8aXyXzFcC4s24FMaC41234uXOj0="}},"qX2XRxYzujMwBl1hf1C/QkENd4dgQjvR6VHJVyqVtnM=":{"valueMac":{"type":"Buffer","data":"aiwJT+rsFVqwXgm6Hx65aTIFRjX1ExlTxIlr/NGtNsA="}},"qcqJIJ2WeJIpbez5a6zOtgCvC0WGLVaN/Kz0LW8PCDI=":{"valueMac":{"type":"Buffer","data":"0qCLJgGd97E/DFfwM8ctFMxdJEmEXUJHjFkPMT4BWWg="}},"qfdzbdqLfXjjiV7XhWeT/xldv+N93aQELsq2w5euJ6E=":{"valueMac":{"type":"Buffer","data":"s4TpR1BfgodbOesbSpzNzfYQjEwDxjQPgHZIqnLj7TY="}},"q26hXTBnREFRUx1sh+AqHGCZk/EOYRdfXQ3ztewZlY4=":{"valueMac":{"type":"Buffer","data":"/qydMj3T44c2+MKj3MjS43iCaXemDnL0cas3nrItT4w="}},"q7mpSxcS120s/P+8deX7g7mvY6qj/Kq6zGdaFM2d0FY=":{"valueMac":{"type":"Buffer","data":"cQskXTUjeSTQNb8FKC1F+OY/+BRsNiMnbc0m+rZGUPU="}},"q93wZj9CnfMcvrsHtOSg3rkL8WPIA/eXfDzxm9S4XrQ=":{"valueMac":{"type":"Buffer","data":"e23gu/ej0z4zoSrPb8Ttg5EF6ctVRDCT6KwDR3bFiUc="}},"rB3MWQ+nOwed4mA6H2QclOQwJOY9m3CYhR/nCVTOsGI=":{"valueMac":{"type":"Buffer","data":"Vj39fMW6qb3uQT1cD/YUMr/ocP9STu6WkXvgAeCyteM="}},"rH4eC6fY8KdQlwg5JKZ6AqQygSIenT6e3XZeaSQKIds=":{"valueMac":{"type":"Buffer","data":"FTpD3xZowe9zqspHYxAq503kaD9hX5r3Syj9fvDXwMQ="}},"rMtV5addI5Y2zuZTDe7U1hRkUlHjuTmghCgO48X607s=":{"valueMac":{"type":"Buffer","data":"hZd0SxAWRXfoXGk0pyNp4aZp/yz46cdPQRvlEMNYEiM="}},"rT/+CCi6i2AvehJALr/KGPHGMmJ3dBXd1hAOtDClaFo=":{"valueMac":{"type":"Buffer","data":"pmkk62nmP9GPJC0JUHA43CZ71kngRXZdRmk6xgPPJ+E="}},"rXvkIDyyxZKvbiOxgJzic+leevdt+uCY87uO4B1m7Uk=":{"valueMac":{"type":"Buffer","data":"+jhmYD5BvX8pBku9nal9/7ukkqlKfFa8ZuD6Jqbzq6I="}},"rZAPl/ujRwIp5GTr2vjhLihT7RQDWRxQyiPgKXEqnHo=":{"valueMac":{"type":"Buffer","data":"rsdlU5qNbgoyZJDlYUVEFzev9HVGwz1KR5szs7fRQJ8="}},"rdgnR2FWKj7IC0CeAXp5gjx1IiknTngjYd3VTnLzVEU=":{"valueMac":{"type":"Buffer","data":"5wbPDFc3K1VmmXPAJ4rJjbOW4P2Rs2OEYbfChbHjs6E="}},"sNYg9+PykihVgxUGinxbwZ2I9NqwfVojYLzKcnVFoIc=":{"valueMac":{"type":"Buffer","data":"PbAmRthPGpI6PW7yVHd3DyROGBUyu7x1KTlR1KR4QEs="}},"sPxbwzCzvN+QJBCvXg0TIn4VKzCifyqfrLForFEQjno=":{"valueMac":{"type":"Buffer","data":"3Yc14Z+MXumb4XhGLj04KGvNZvZ5iRTxbySL+RzH8Ss="}},"sR38w1yZkfDIDYBqWCHxWPGq9Q4jnbqrFxNdubC1qPA=":{"valueMac":{"type":"Buffer","data":"255fVRfqAMKRA9lrTbbkaT3Cs7n6YEu0rGSYzrmsoRw="}},"sUZ420A0iNf130xAVa34z0x+kQMO26LXPJIRDRgoeLo=":{"valueMac":{"type":"Buffer","data":"m7d3VNOKj16fm85Gn5FQ6IprvZOcIfBMWZHRurLYmd8="}},"sYt+0Us1Wp1W1kS8dNM3FYTtkfPX8S8IDfS9tqNlpxU=":{"valueMac":{"type":"Buffer","data":"Z17mga+3PjuqUqPSC8ldnCIZyYqgnupyzaCljJ8Ffww="}},"siZTqWsWGcpzFplTGMlMqlfrotGEyD/e2FmTnC8gnio=":{"valueMac":{"type":"Buffer","data":"0WmLSTHOuzCkIBtl0tnI8pNrl17UfpjquaVU0ocXoOA="}},"ssNkymD4d4anYumvKW1CswgCRfyxT226Km1wm8FuRuA=":{"valueMac":{"type":"Buffer","data":"Q8tpKhXKYIB/if1OOuGYAzmVkT45BDc1ZrV6yI/ZejA="}},"ss0HhSqBbgK+FoLIffkUPzhaTEkiRsFAtQLXq2n/40U=":{"valueMac":{"type":"Buffer","data":"bthovVVVEWrnrKi7jTCuGEC6yJfXoLBzeQfoPBmjX7E="}},"s6QlWWPLo8kgb/WY2Bus5fCXoDGlBYW/T2tMJmOCfRo=":{"valueMac":{"type":"Buffer","data":"xoZ6qe9baapBGstXQXtr+r6zq7o1VLGuiMbhsX2s/1w="}},"s/eqDOWHeObSg6FVrcbLo6gdH92LmKnq/mmGKaSjvNs=":{"valueMac":{"type":"Buffer","data":"xE5kzxtHGwDog+SRybm88TfK3NqO/c7SZDgD+W2WSJU="}},"tALFp11jwMH1Iu0WknRQVVPvQ4h/Szk0W4EUaR53CnQ=":{"valueMac":{"type":"Buffer","data":"XlB7unoFB8GsEEgIb0XUid5PDE9wyUTyVujQyAYJXwk="}},"tFAazNIroLhM69ieVlhZ7RWhV1yjIvn3Tx0pzaSGjys=":{"valueMac":{"type":"Buffer","data":"trw5taamXRAvkV9guqF6dI54vOksU9HJCsTDo6dt+IY="}},"tHhDvevs9I3mEmDCNQuYrF2WNXiE6gUT/WIT/eY07gk=":{"valueMac":{"type":"Buffer","data":"qMtbxHEA6bg/COs+0nHa4+RKdMo1v6WU8M8IpHtAjro="}},"tKi/vsUapZLeYHVGmJohVqK5iw6T4b+qBmw4ci1vl9k=":{"valueMac":{"type":"Buffer","data":"P7RX04JsxO2yO1Mr8dHd1mzOW/OIuQ//d44wPnvUv8c="}},"tNbdua+JacK0X6HYJXuACiO2acLlSSADznoUjIzAGg0=":{"valueMac":{"type":"Buffer","data":"68JSkGrlEsjl7ubGjufETJeG4cq9lzu/TaMgpypd/84="}},"tRWkKD0emMcw0CObUf2RHxAiClOn0cWh/cMTyTqp2EM=":{"valueMac":{"type":"Buffer","data":"X9w/AG4fOSA4HDN1466dcnmFzEBMMQOH9pGJI6KsWl4="}},"taHo5BSVumWF4FlXhi9ke39C5hPcMSZi28ylMO6q2FI=":{"valueMac":{"type":"Buffer","data":"n+rvNChONV/eXzRcnbfnXz2BrOBrajCjT4hgArUNATM="}},"tbkOUz092Z8BMab6qpBSXpCNjCwesOBcrtGNvJw6Upo=":{"valueMac":{"type":"Buffer","data":"aoqnq2ofUfWQP5SxtjAO/LTAGKbgsIyM2JzP8e8AKqI="}},"tf5RaClzqJkcOgW7Rb1Lk8SpCxcsDzXpuc/VqbqtE0E=":{"valueMac":{"type":"Buffer","data":"hDywkCEtn5XU9erlO7OBqbzirKh6Oyai/jJGJ2/PmcU="}},"thbF5zm41QTWJRypzDWXkkfTTNa2zv5h47MVcx/k+H0=":{"valueMac":{"type":"Buffer","data":"4uxoXBjmUMojmKpjN3svHmVAjzPze6sgYantoKb3zT8="}},"tmaX2wmXeHyJPMANQgx0nzdc8P5fHSofyDTvLIaHcyw=":{"valueMac":{"type":"Buffer","data":"r8r5X3cV9EFY2HHC9BlBwCZkbEsaVf+Y4tJpU4/L4vM="}},"to/tu1u8bLK+icyWzxoztnCSn6SdUaJrv+74/plVP6k=":{"valueMac":{"type":"Buffer","data":"Ihwgc380PQUWiZRfJBNa0VY6Whx5OiTRxfz1A4YWNfk="}},"tpYMUYQNX9TAPbJBUu30K59U9cDTp43IHcAuKNs1fHE=":{"valueMac":{"type":"Buffer","data":"tEe6VaCqYtJi71Ea1knNAJrn6Oqybiekh2altDAZtyM="}},"trDGYrek8Ey2OmJCQplda3qmiecUVnFsi9kYnT3A8HE=":{"valueMac":{"type":"Buffer","data":"XF/TjSXI7owPKZSZPs/fVk6nhm5UgAEg4zN/gYu2tJE="}},"tsHxPZky4PfbXCZj6mTllBp4YzIiwWY4cUqYTXrVo5M=":{"valueMac":{"type":"Buffer","data":"XU7XI6XRfOYIVIUeLP2a67i5YZxe0S76LG2Z6ymlqe4="}},"txgIMg/vrPrRX64URFEX6iW7AU/lfCwBnn0Sr5gicvw=":{"valueMac":{"type":"Buffer","data":"Cks3ip5v3J2OtMdF9iID7Jhz9moKBEg3DLd1J7zuxyY="}},"t0E+vcmD6YvU4YqJPWQTo8qE3XEaugh0bTKUaUE0wlA=":{"valueMac":{"type":"Buffer","data":"w9M7gupnMqU+sY1pT/UUTXQZ8vkuOU6brsWGNa8hpNA="}},"t1MwvitLSrlDbmTc3iYjtCW2HB9D7dm18WoLinP8q9w=":{"valueMac":{"type":"Buffer","data":"4DcNr2juggPIqP3wVfELUWgIuT/eaZ+H2ThlhJi9Uiw="}},"t6V6ZyoU1dXj2C139bO3WPylTqwaZ6B6qOnqY6xoHw8=":{"valueMac":{"type":"Buffer","data":"YqJSuIDUMvd4mAa+Yufa9/0snl9p1M4osbMK8H+RbIM="}},"t8lgWDSa2I4XIRxKRuJqOW0fSfa3jIYe9VzRQjvKYCA=":{"valueMac":{"type":"Buffer","data":"qwMHdZ/bMIWrrrnHcY95EwBmQa67ohRjP97IGiHTXuk="}},"t+5q3Un5UILf13ZVee2kRpLrEdqnrkXeC9uumqj7tfA=":{"valueMac":{"type":"Buffer","data":"yoNY+ZNpGB/Qs1N+X/34MEAMWj5rvAsjGZV5ihBgF6Y="}},"t/gJcOylcNQQ5KQnr0B9ln+/MAU39AVNGxW8oWMhAPM=":{"valueMac":{"type":"Buffer","data":"3Jv/IpV6zji41SSCIayNbxuntuij+8YsimDfH9Z/uzo="}},"uAEeK+RGe9OSY/VJEXJXN35+9/iQv5nchG+HfIbMCFo=":{"valueMac":{"type":"Buffer","data":"VqTnRTZRsmDM/T8gyHASBOwooAYKrB/olBH2tot/b0Q="}},"uEkkmjhxxE49/nqjK3hoefyBwTBjGhUlmqiLZTH3emI=":{"valueMac":{"type":"Buffer","data":"ztVHzlJgl3DqrP3InUDP3LrhkgI8ffV9c0HGcY/1x20="}},"uGf4Ty+7fqrewqkIXgOh+Cpb1qtjNSTjdbD+tagCXrU=":{"valueMac":{"type":"Buffer","data":"P45D90oVXIdZZK2Ap1atvtH79RlrUaE7fpK/XQpiFKA="}},"uNpUSDfwznTwlRYDII/Es4EqWVsrevYdsHCT+7g5+p4=":{"valueMac":{"type":"Buffer","data":"D5xjbL50vabJfofgGZmTcANqUwRJG9Zk4LuWBQsliKk="}},"uPeGdXNHucQLzA7cxoO5scQaF8JW1zfuBGLfcvO6NU0=":{"valueMac":{"type":"Buffer","data":"uzxXWy+qYYKr4pv5TnYpG3JsloRBg67Vc12hBApd2cQ="}},"uWCnjbG8iHusnAwlgkPAIYuJ37oQklZCnrJ4qJ5YVDg=":{"valueMac":{"type":"Buffer","data":"qoms4+4s+xUEgNG2BAzrBQxaCxDb6nAUaL+9+IMPfFs="}},"ub3rs8OAfDVwxR5bhs585+VF1xwv5Ps83zo7yjqoIik=":{"valueMac":{"type":"Buffer","data":"6hKbxOtjPBdFm79Gvrj3UqqPXUG2NIazSllRUn5ZsBU="}},"uduUmCJ8ootkP7F9313KxbMwjkhJDLSfG/2tVR85JpM=":{"valueMac":{"type":"Buffer","data":"nIFRtMbV8UStR6EhZUtTs5MasRuUCBCV8D2mXiQoWIE="}},"ulnbU+f2tD5DrQJCq6fbqZxBKY28AVaqmfLV3LDOzCk=":{"valueMac":{"type":"Buffer","data":"RhKnUiFBglqE2dueTzXqliJiWLmu9s6ls6ESqx+3K28="}},"u3G+keNPtcX0BjoFYoZCrirCdXqwkx4KTpOAvsIxu/Y=":{"valueMac":{"type":"Buffer","data":"dgR2VrG9GO22ek1lP9UbT4dQvnDbKHw4kd7pW5X//Dw="}},"u38rLrbcPlwhVG8kBnUjbA9Io8VVlt0zPc+/EI4f4cM=":{"valueMac":{"type":"Buffer","data":"aPSmY0XiBCibrY6M9WzyzzGrdizXV2L0fZWHsX6cyc0="}},"u8Zt3y9vHOkugr9SFhVe3jkHWYoQ5q6mFjvoAfQFf0k=":{"valueMac":{"type":"Buffer","data":"wuVR6SiffrsgQydtJF5QXK7DhmKkB9V5nCa1hTgmtHs="}},"vAbLAWzKDyFi2E5lRWhjaQg/pV62OmLXv3Xlli8m6p4=":{"valueMac":{"type":"Buffer","data":"SPdK1aq+rzKecWiOtGHyvEr+UZrylLb4BV3tJqyWY+s="}},"vECkxxbcx3YzdDPUq2pqE8HS8+Vt6T7Zl4Ij8D6zpvI=":{"valueMac":{"type":"Buffer","data":"kOnTlMwM0B5kp2HX/KvOgH0WfsU1LFKKtaQx0oakRTk="}},"vKZ4Wnc1FhOTtANckkuB4v7+V9UsAWneclkSBAc9F/I=":{"valueMac":{"type":"Buffer","data":"UKRoJe4lVlBUWPXq/yxvfvrtCnJjVRK5oZeYrOmNNg4="}},"vLhnuWSjA9WNHI1TG9xlXr/+IIgpUK9vDeQpuN3RjUw=":{"valueMac":{"type":"Buffer","data":"71EATBMox5GKYLopjYXgSE8WjtK7nqfv1Z9BVL99LZg="}},"vMAX4ycTI9MlV324UodqePYx2hhrllbWprOZFhTJxes=":{"valueMac":{"type":"Buffer","data":"kr7e8lcFKKLcOYkBL4GS59ASqfJfma1KrtREFRGxHoo="}},"vXynR8yFxA8XfEhs2t5LWVUipr6ikg1qgdLUtuCA3G8=":{"valueMac":{"type":"Buffer","data":"lrEFt37tCVLKxPh2pSDvjchUqfHyQ+i2ZaIo/yXMqZw="}},"vaq/Ybdjd0zcd9nD9X9kAIPG8DHACMOxJSoxK7xqrGc=":{"valueMac":{"type":"Buffer","data":"92UT3klCuQjcEatQCwyadwZw+0cm7JJAdpHeKDsE/40="}},"vkePSiu/V0/jEFoBPXgPf85pCTugnYspaMFjPHRyfF8=":{"valueMac":{"type":"Buffer","data":"TChc3OQZNEUefXmI1kUmI7bZjXpAnACKJM/mCa7zeO0="}},"vtEQ8MYvWSz2UI7E+wcKK2BDjT/uTNtOBmFcIjab90Y=":{"valueMac":{"type":"Buffer","data":"zeX2fu7gMKSKwLgjBGpcc2W2ttL3avb5uDFjxMMRdvE="}},"vtKgV0kEuiPb/bfXXOgur19FR4lPw4AKTou6g2LiBms=":{"valueMac":{"type":"Buffer","data":"6nKcFfcvxC5w1R0qOL+X0DYAzj+bskdtrDwU/FkPZ00="}},"v+7rPD5bccSMADURZALhGSDWStEE0rPyfwdc1J9IInA=":{"valueMac":{"type":"Buffer","data":"ru8Ad5RLj9ZwovXfm3/esnadM5oVTphH+Hw4xyHSNQI="}},"wBFa+sNDa20vy/+Xmei1ZtSF2Gr/SUAPUZ0nNaELioo=":{"valueMac":{"type":"Buffer","data":"HlfFJWTgXcQ/a6LT3HpBzJ482ZPDOmiqyilCGu82MPE="}},"wDDD+cjrmjXYA85Lc4Xo4YPgNzm1TUUE2Y+szyzBAFQ=":{"valueMac":{"type":"Buffer","data":"x2sDRMyIi62ODzsYAO4h7/bE8JRwaempZ8Z6yeaxT5g="}},"wHAwbcLZFiQJ17UoF0LdssgJ6YBdcdP3NQiyQI1au8E=":{"valueMac":{"type":"Buffer","data":"0LPYPH22safppJpm0FSstyPmTfkC4YlmegsroTEUJmE="}},"wK7lQ4gm8i7EcyNGOsQtPRatDkycjLpilXLZjhV8xmg=":{"valueMac":{"type":"Buffer","data":"Ob/UCYdhheUjP7GqDnCvQCO7BKZNoYMKd0BZ3PZMN6k="}},"wOknHtrMiqBFWCUugzHmBVbETBWnh0zLdY+vuLTogYw=":{"valueMac":{"type":"Buffer","data":"7cYRpYTPArE3g17Z36OMMayR9chC8rwpEZmx9utnb24="}},"wUmzhbgkF5X8L37jc5JJH3K3q4/mULVyhvvLOtDr/Ww=":{"valueMac":{"type":"Buffer","data":"fbs2vpOkl+Yh4ugef7Dnhu0J8xI0O3N/pRIOKdDweQk="}},"wctG+Jw58B8S3dRxN2M9EVOwGxRdy6NUjVcdai1wDg4=":{"valueMac":{"type":"Buffer","data":"9MF2QM3xz9S7LG7fN7Fy8vHxLBKYn6J2nQp3bqqtNgM="}},"w1rvoH7Utvi51O7a70xTftmxSZVxkSYwJMDX4K4JkF4=":{"valueMac":{"type":"Buffer","data":"s2REK1yQ0KEO59X/5M5JJ0pBFCiYT5tpTGkFxGPI6fE="}},"w4RpNV+iDs0HClfSnH0H299cEVcBsTLietkLi9bC/no=":{"valueMac":{"type":"Buffer","data":"FS2C2MpFQwltAVy5qjNnOJYJY00mKqSucLQDN5UCwnc="}},"w485Z9xTDlYJ20GBejKQu7/fBGSr784cLdmnouH/6Kw=":{"valueMac":{"type":"Buffer","data":"RcWfOgTyxNpxA8fw/axSnbIQ99x+kefn9wt2dtRV7/U="}},"xB9kyqedb0v+plPp8Ig9jvjZI8WqGZ5zdqUU8TLztF4=":{"valueMac":{"type":"Buffer","data":"smQEoVtwERlk5vHe/8r7489zxXrWHdvd+CnA4oUad9Q="}},"xGluy0GiSy7aOLkrgEnAyE6OGg94K5RMi/tT/If+UfE=":{"valueMac":{"type":"Buffer","data":"r+aJVYf8E2UljskB77T/bt05fPl5DbAIkR7qdox3+7I="}},"xG3D6aSTU3B2hTA8W3UUZj+pdP5tmMr83cicuiQ55Ow=":{"valueMac":{"type":"Buffer","data":"9SgzTmyhhWssFCPRr/lo8/+9aBCsweIFS6J5Tj69iVY="}},"xIC22gUz9GeMEWCdjZP80DgqZONWgLPF0Q6ZIDu93qc=":{"valueMac":{"type":"Buffer","data":"jdicXtT+PciA0NPvKOkgN+hfg7jHESML9PfTe2D8S6c="}},"xTvR/vXmNrGS3UpxQCQUXSutpDeskc89YDCWB/XqYzQ=":{"valueMac":{"type":"Buffer","data":"WHUMmu+4oipXdb7ulXSty5RxCQpXd30ysb8fAKp5vjo="}},"xUxgavZTppcgV45+CpDvaM0cx4VyDxLTffORL0RJNQk=":{"valueMac":{"type":"Buffer","data":"9I8DrKgeN95j4wPxdc7khZjQr9V/t7cOlnHqHTk8dss="}},"xifnQzTZ8TUR/UrcPdi/rQvABbqC1D8o9nVWkvyPz+k=":{"valueMac":{"type":"Buffer","data":"XRpRHXW0qVy2d4kiLAPcz6a9xjUEjblW2jxNtfRL/5Y="}},"xopl0H+zpby57OxMwRElWF1P4sRxJvvlCqWjf3PP5vc=":{"valueMac":{"type":"Buffer","data":"4fmURnreZkPCZW0YI9ghWdmUIJJ/YJxUWThcAAOBEmw="}},"xtvAswIunTNB9r2Qc5ffzWKazvul19xPAl3lrt61Axg=":{"valueMac":{"type":"Buffer","data":"QiSVtmD/xyZ96q/ho6ksysngFvV+9l+nKkaXdhtB4mk="}},"xyX+5GXvO5sUzBHJxoZkScDuKP/e1yzqkQ16qYXxMRc=":{"valueMac":{"type":"Buffer","data":"ZL07tGD4aB7w39j/ND1Dj9eHpuUNIJFGD9p2jyQmnzI="}},"xyYGiLq00h/ekEX22DVj53PRQBBeq8CQ8SX6TaDrsDc=":{"valueMac":{"type":"Buffer","data":"3y0YHFtWvyZAPIWLLrBQaj+llvu9Fry8CvM0oy7S+uw="}},"yMyCzm5hqb+m/wBOCcuKRx1fkuyhyYusk7hIwdq1Ycc=":{"valueMac":{"type":"Buffer","data":"+YYKBUBna6vknDU/H7FxHqWvlHbBpGpuYZwMWxAiR3Y="}},"yYNKBvLLx91sqilDGMlPC8AcPrac0SK53c8/zrhhbiQ=":{"valueMac":{"type":"Buffer","data":"diDTRkwYjZZIjMXe/d0DGQ1kiW+HqWUISv41QL1Pjpg="}},"ybJ8ilB2227s90Fo+0kdM4O3p3utLqQpru6GzloAFFs=":{"valueMac":{"type":"Buffer","data":"z1XDJhf1HMC43W53Twnvqsihyl8iDS+PMia0ikUxwcc="}},"ytOkZC9NRWQzwj6RQaKpEHngLqq0itTJA57zyXdAri4=":{"valueMac":{"type":"Buffer","data":"phnx3rNGNO9TJGmb6T8iuSqk8OEt8tuohx1O+tmsscw="}},"ytodZmzEIgR3ieViVbT1ryEMDeY9UATVTfUPMO79fTQ=":{"valueMac":{"type":"Buffer","data":"aZmHOS5LG25MdJZs1EOhmzYPe5pB/zViL3je8Sf83KM="}},"y47ve29ADsaRvQS7YJbCwN95bZuX2sCtRFfQFgqf6ro=":{"valueMac":{"type":"Buffer","data":"DijlUVt5uruNymS1+CJEnqA04DAEgcV00AyKr3j4sgo="}},"y+oHVoOyHG81THmAK/y5epa3hBVdjsHwzha3NROvk/o=":{"valueMac":{"type":"Buffer","data":"O4b4av9PDZSnm0H31NpVsmIY+Se0D3PniVTdbRxutLo="}},"zDTH0MbM4iUrTel1r37zhDnHH0+ZhFZ37UzZj+lSqlE=":{"valueMac":{"type":"Buffer","data":"2Y6/mKcA43dRtbT+rbbORxM8Q32ARbf2b6ELsK3apaU="}},"zJ7X5TDJHhqL5xG6snzN2JzEOZGwH+OxZx8yKPovr7c=":{"valueMac":{"type":"Buffer","data":"4YPRaVL8rrOvM9LuF4UZYCktsW3XIGbnzAQCNNo+ADQ="}},"zOB8wrjgBiyLEw2X8nAOC2K8svxvgFvLDRQUu3GCjuI=":{"valueMac":{"type":"Buffer","data":"llgl0ut2scEm0MT0AEu8GiJrLlYq64f+WxaNfQggP+E="}},"zOIlLOeIpKOC/40mi0lzTB8Cv7lPh+kLkQXqnDhnfwo=":{"valueMac":{"type":"Buffer","data":"hnEZGYRKR1JSAfbwlGphL2QW/dJrIvo8tMjDO7lKSVw="}},"zSSc7QQZtrIahFi71YppUk57hKxCx462iR+5SVCPjcg=":{"valueMac":{"type":"Buffer","data":"wd1pMs8fgEOPOfCztrQr4s9ZlmmKKz1Fx9Vp3tMYE3Y="}},"zU2gL+VY3XBjvEsOGABUd99WGbI9lMCkuYlL48FD78c=":{"valueMac":{"type":"Buffer","data":"U1apt9ewCMsJzD50v/tJC9zkpxucgWhgD/GuXnHfl3A="}},"zVFYnabe/ifYZHrO7vFIbdkDlw5hlTmK+qsGQynpWXw=":{"valueMac":{"type":"Buffer","data":"PYc6tO3nmjNzva498ZbOT+wGz/fcpok9igpBdBZ7MOg="}},"zjqmIQzBjxaZvhBIQtcTEgQbgRAOhUZXEhb+LkZ/Hq4=":{"valueMac":{"type":"Buffer","data":"/JmxT3Rz1uuBZO3vPq/wqVB58Pdesw9tAQySKCdKCr4="}},"znNNp8jsvBgxoNOZbRl+PhUyEy4+Q8Yvl8SB9g4Hk8E=":{"valueMac":{"type":"Buffer","data":"jwxG5V10aZ962F0jmZpCbwSl+vcWGmnwA+mqxa0fm4A="}},"ztDqX6HZiF3EQfbjpbg0kgoLwn+xxg9mSWaq2RD/Sjs=":{"valueMac":{"type":"Buffer","data":"5HxkgOwjRBiVFgeIz3ArwTc8NqUzK/LgyNMPXLRlq58="}},"zuSeAIXsYqrEldrqOhhgCvZ8D1YzZhUpuIq1HWM+K8g=":{"valueMac":{"type":"Buffer","data":"ommrkRVQZIARQPwueLVoitxh+SFD94jy9Cg4Tupkgdo="}},"zvt4RakIotnL8TkMwsVmlloQOtnofqkVDOQnSqU03CE=":{"valueMac":{"type":"Buffer","data":"v5dStdEPujgcUTAgXL/bv8OyuY70dC+MNmGl018rMos="}},"zz3CzD0FJ397SG0rVTverzT2b08MVukSNWCn4jRpP0E=":{"valueMac":{"type":"Buffer","data":"S+JuFEuG02iRVCGA8S6PXQn38o3mryhTtxUmWC2zlGs="}},"z2PiNr4jcU0vyBYoO/8MjkqgLUH1mOS8ugPHajc+k58=":{"valueMac":{"type":"Buffer","data":"ez95hOBIUq/p/dB+j07m0DI1Gm5B6KG+hDKvsNQSgkk="}},"z43nmOi+lOKsicjHFK9Bgtm1RNHwAi1umSZIMRMdFkE=":{"valueMac":{"type":"Buffer","data":"mmyqKiNgm5UdQUzTbJpL+gk8C8RPehof40qdjtrGiqI="}},"z+oOmBv48scc1BN91AxZaRx3Btxi2Q2Zw2F1Vxm8NuI=":{"valueMac":{"type":"Buffer","data":"8n8KYjVR96lZXEMVQ14ltDurfOpE2M7UPoYvjSGHW+E="}},"z/JZNofDxJRhPdvXnvuNM9NM86m/vqEN1zHA4uFJCMI=":{"valueMac":{"type":"Buffer","data":"AXYyTXIvtZPoFKTvl9SVnDfsY5tbEUEB24scUALSrys="}},"0DfEKUopD9xAiqXgFr2Bt1CLtT7sxXkq68KO9flIOQg=":{"valueMac":{"type":"Buffer","data":"4/qpVe81pXlLFZxkfVdwz/gEpFrKYaYimIvjfhTy2B0="}},"0WxYTIGaHu3e9+uuPK+Lx7lYYeGVU5P62r32vjCu5aw=":{"valueMac":{"type":"Buffer","data":"RMdCQU7GFCT8Y3CfHlDwaOM9exDPW/5FKwndDCKug4g="}},"0ZLV4cgFB5EN5E4zUkbgCMZIj+P+QbXOIM4HlLRVqq0=":{"valueMac":{"type":"Buffer","data":"X+sURokhK3AKVl1aSP3/uQVJlIlkTbQycV82XkG2svI="}},"03uK1LUzJyNmSt9KsBHqOK2L6Z+Sqdn5ZqYs0bPcY5I=":{"valueMac":{"type":"Buffer","data":"vxSuiPD5tbnzsznK+uW/zFmVJyJMxQivoJDKc50Jl/Y="}},"1E1Ng86cpKoZh9uZP7pRaqS4sfBxPTeRGZ52BC3Mnts=":{"valueMac":{"type":"Buffer","data":"HIhM6NM0uurOn5xPpXK5UgoAtLeRdpooZm0lxXnQ79I="}},"1PaCkgUhW0SyHmdFXgMP9RqdP662+wtnWlpZ9r4Pz+M=":{"valueMac":{"type":"Buffer","data":"WYj6hRYlhnRqjWKTFATkBf2JWT36CurPjQjTOXfcFMU="}},"1Q0trs6iEgV0AIVgNOLc27E1DwPX1+CTk/GzKmjh1Y0=":{"valueMac":{"type":"Buffer","data":"0DkZTShciAo5KWiuHbfc0hwSg8bqfc5GlBur8kcJ7x4="}},"1TDXwrFkEyncVO+8OVKhdfQV1K3yKXC0qAIh8Eckfb0=":{"valueMac":{"type":"Buffer","data":"8i0ypFaFTBVpJh8GnD4tnK0+gzJGGps6vFbDJ1Cj2xQ="}},"1WzwDZiwHZXOwMmm9zcH17GPFBUGjxM6YBcMzBY282k=":{"valueMac":{"type":"Buffer","data":"RMMjTFZuWq7Hrem6ZyGv6iEbirc2TYuqLEqHXb/RdeA="}},"1ZKUccbCBipMNbp94woPlBjrCbeFeyEEyfM3uuC8EKQ=":{"valueMac":{"type":"Buffer","data":"+/2FaXWSh4oKWorFprZA+Xmso+vJ++QJQuGDsJo2BcA="}},"1Z0prxzQVuoCkGr8WqFoOzjnV0Xd0qpwNB5KqAHMsVg=":{"valueMac":{"type":"Buffer","data":"FihCcMlrGv7KcQWk2Qmsxdj1lI9WE/ry7/yQ+h3mqtg="}},"1d2YoAGtbVHCvQBfo8mhhumsNw+B4zTr2bNVBxp7FbE=":{"valueMac":{"type":"Buffer","data":"uIWa6fT1qNZs8eolId5CfVLlzqRyOqkRKvR085sdBwg="}},"1fKQRLDQDSnnx5CJnVrR47Zl1e/SDluIMqwTcFxHsys=":{"valueMac":{"type":"Buffer","data":"JkOAub1EW7B9DMijKCCvTQHOFpG7SJDb+YzuHjYh1Pg="}},"1mRomGzWZPPTMVDmXzXfApiVELsfS2VSEUTJhH00xeQ=":{"valueMac":{"type":"Buffer","data":"qg2aW39dbC0WMQfHv3TPcl5ZLibpDKBbYLYOMdUHWdM="}},"1nmBwfz3dgRiDYGy+tZl0EdLQSPzbqYAexzBXww6UhI=":{"valueMac":{"type":"Buffer","data":"E0bbp9oI2DnsrT3AyfF+LTmDxybQz1FMIGfSVXOeVX4="}},"1tpH5DYVeAq6CdkyDmfWUcrS0nNzSI09uSPv7abbvCg=":{"valueMac":{"type":"Buffer","data":"7kgajTYSdrXF5rJ+k+CMPcIleJXaKeu1mDwVFUyWcds="}},"1z3/a/iex8aX3CPW/gY0SC07LsQN/iCbsfmXjTy6KAI=":{"valueMac":{"type":"Buffer","data":"J01tqNW/j9DJiGwnJOJ71zNFYi3uwvbdweX7fH7c6ps="}},"13FhXfETsrh65daNwFcWavfZCTjYAvWbeOotB28WNng=":{"valueMac":{"type":"Buffer","data":"viD7Ww1TcHjF64TikPWo+Loj4hrFeAP7H02WrfU1p/Y="}},"2NobO+OYwqS+UkvkRyrq3UA4H3ZvGd7+HFmXRyyeqY0=":{"valueMac":{"type":"Buffer","data":"qdqmK1Zhfs4p6IQOhAtqr/UOt0wvgaNerkwdJRBEnjM="}},"2O0QlzPcNH2gvgy9SXoUFWZ+9jVrpmx+lThaY2YFGKk=":{"valueMac":{"type":"Buffer","data":"8TtFHtNWXQ995zAFpyuNMVY0IFDu5gtUJ2Kqexetrcw="}},"2WoWvfVCtILss9/6hPhkXxrMjVAk/kFnlfEYPFLSx98=":{"valueMac":{"type":"Buffer","data":"9np357ybruhxWAq5p00dVaaN+8/1YC8iypoiYVf5GtA="}},"2aYfhpVyA1tzUoqbuBGqrAFB0eNVWxcFzPTCnokGVGI=":{"valueMac":{"type":"Buffer","data":"AwIUUVaACUkaoVAEzj9kKt2vE2R9CLW4vFv2AnLWCOk="}},"2pVuD3NUQsJEXdaLhS6qm34YQi5brmRlo0HTBPzFHPw=":{"valueMac":{"type":"Buffer","data":"0s/k9m3JZ5P1stgthiICit0iUo6z1rJhpydtahj8EFE="}},"2xE5aFB5jf/W4REFwCPUtOe1V/7izC3wRUAbOw5ewhA=":{"valueMac":{"type":"Buffer","data":"PZJILU5qZYJXeQQaJ+VlXzed2pPnlWQYYFTJUuZuYPc="}},"2zMy0rBgEtQmfW2HNQNBe6J3ThcdrcFGq/eZZlloQ5U=":{"valueMac":{"type":"Buffer","data":"ngeEpE4K0QAvj0puJAfylFlEOMiMJ6XWFuZFJk5JOIU="}},"2zSRwJftp26uIRQOa+lBBj94UeZpqkPIquNEJBvYz6E=":{"valueMac":{"type":"Buffer","data":"rSwmqzMx4Ruln3tA/nQ8a5JkpKGLoL82Pgi2ZPrZSks="}},"2zmPbnsrmM2CJ4TPf1oATmJuGommBL2gNNfKKK14Yt8=":{"valueMac":{"type":"Buffer","data":"DNa4Mlw6LxjzM3oeisrx4I2W1iIx5zkdDvf2vc2gPvg="}},"3IjxE3h+Spj7TajWCMXzEerYdLgAbizdHgZBSwTdN9U=":{"valueMac":{"type":"Buffer","data":"ZL8FUH/aMdwy4mh1w9yvvEPt4DDjd86iOaGx+yHESj8="}},"3O8ZJU1LA4rBJJC42gclqZSlfzallssLmfApvh0XxI0=":{"valueMac":{"type":"Buffer","data":"swe+VVJ7wYt1w4aBVPBsvDB7CDBKSN1EwobttIIXarI="}},"3ZyRl547QQse3Ru4Q7LVX6gfUqNx4R6Z6us5/FsOBSo=":{"valueMac":{"type":"Buffer","data":"sgVP9drZCYwB8FIDxL83TAQJwFfoLKO58jU1ppfSl7Q="}},"3f7E2YJbC1A3JZ7bjsQCDI4UF6xJXZwDhuh+LXdeSdk=":{"valueMac":{"type":"Buffer","data":"Zmn7CHCtzyNmXmxTWTrXFkSHYEEYO91AOj3jIyF9kpk="}},"3o9LYFOrZd4O2qJ6aXm/3ont48d9CYYm8o5JEULeLCk=":{"valueMac":{"type":"Buffer","data":"zJM2z6k6Ajqjll08S+qcCO00p/HsgMgx2yjTdcnJvac="}},"3uad6bmyI+/ohpnDqzVj7i55soZSiJCF72hNDkF5f0k=":{"valueMac":{"type":"Buffer","data":"k6DXHYoG/Hn8FQELmL0Bg4fpbP2Csj65eQ8wGyfa6cE="}},"36StN+dreqJjDvNhqRlMzRT1a/RhjmhjzczmoF7zDmw=":{"valueMac":{"type":"Buffer","data":"AuvRhpe8qZBFxL9zTVCBWajJKR+81H+1dZCz2VFIWEc="}},"3+N/HIcYiQ4Ja9L/g5YghF3ejbh6qHmnHhUitf/wcCg=":{"valueMac":{"type":"Buffer","data":"9BKt8+JXhVvhHdnaReGxNAfRtK92qfhMc9SvP5tuXrc="}},"4EPqVCCdQTAedduT9861xwQ6XPbWsf9Z01DXxo3p8Cs=":{"valueMac":{"type":"Buffer","data":"5Xt1+/facQlUtVj3jat/aEhnSaWlyI9q+l9XZSZfqaY="}},"4IFDwF3F+N56C0PUA3JyjHuqTIkloSXbc+4wIgCQZ80=":{"valueMac":{"type":"Buffer","data":"PzldjvXWbMmDNb0/nTr9575iVrZQLO1JN6rklBWJqxY="}},"4TMAwywMWHXMW5OlwQx3JIagcQGpmIzkJKehKoGd6uQ=":{"valueMac":{"type":"Buffer","data":"aWGHuOx3eB/xcPEKLUzTffyYGxiyQkX2s46bvnWTukE="}},"4YE6qIXbP7XqoWM0a+HRAIzS5UMuzwKKYKeddnf8Ysk=":{"valueMac":{"type":"Buffer","data":"OqzcCwqHqtqYPYhb0vC9g9ozRVlVOes/b6cfMWuQKpY="}},"4YRy7jP4tDya2uRAcxgAQyt41sbCHl+AE0jkA1+eHqg=":{"valueMac":{"type":"Buffer","data":"ha5Kc5AP8nPDt0ojpPF42vi4u1z8EjpsI9olssvJEVo="}},"4xgBr75nN1qzV2js1VcMPJXqcT9ZwbmVwmOBiu76VxI=":{"valueMac":{"type":"Buffer","data":"Zuj9dvV2NOHTH0VE97E7MB3Fdn5M6YwFot1MuTPZYaQ="}},"5BL2e57Fg0wP6PRVuXBTI6JILoXF7iehbx3WcUPXBO4=":{"valueMac":{"type":"Buffer","data":"pzepWEV09odCSr/LT+sTZlo0M9S7eNDOtbDLxnNi2NY="}},"5CKqqHZuhIO0TJxjtHuxXNCFlYP6vCz5yPErk+f1/bc=":{"valueMac":{"type":"Buffer","data":"E/VRq5Daw5pjqVYh50A1R0jq8pdZaf508p2UI9s+82E="}},"5EDdz9n0XC2Z5weBSrSztFnmDv4F7/uVoirnTfdfpbc=":{"valueMac":{"type":"Buffer","data":"jHVw+h7xDaJso0gtNycnqGpmRidKgG5Kj8eT6Yo1ujo="}},"5eScIaVpg8e2Xuci1tjuW9YqDkEGfpCAzwUu8KOP6Mk=":{"valueMac":{"type":"Buffer","data":"GXFCb+odq2TRo9YEt3COvo7GPswQ+F7KBNkLJ9L0Mq0="}},"5vvfwn6AkjzSFXlcw4Nh0bE5yeLns5G8/du9D+Iy2sM=":{"valueMac":{"type":"Buffer","data":"gz30LrFTPtXmjahD32m3wE0JUxA3FZyaKdObRNHQeX0="}},"6LHUh1l8U+tcs6fV5h6CgvXJED2uX9atiQmqNT8jOqc=":{"valueMac":{"type":"Buffer","data":"uy6ijdBkig8O/j5jpJwwQAstl/Cye5iLCDhUb3Uvhok="}},"6SP0f1UG9+0uXO6OOSQf3WwfLM73ysEwymT375vBC3c=":{"valueMac":{"type":"Buffer","data":"mYOyohYTgnbv6oOVH0kW0rGeYvlx+/dZ1P3WIGiP+Iw="}},"6fqOVZrLiq881/pJjTbhCKDlHUUV4FWXB/L2Q1eRHxo=":{"valueMac":{"type":"Buffer","data":"CVaoph4se/Go90DNG29s7vbhVOATlJ+XA3kuHwp1tQY="}},"6gjt0qZGTEySZWbUL0ZOwWKZ4a2kmH9Vuc/sjFvpU0c=":{"valueMac":{"type":"Buffer","data":"6SjG9ewdZPt3t1IIDldFDGudv+RON9FbFR5/c7AlDp0="}},"6iK1S9dTlo5tC2r5rUhMsOpGZmLKlDIxPF3E9NUR8+M=":{"valueMac":{"type":"Buffer","data":"UqNnDedRjGJYxpGVRT8UiSLBcTv19Sq4oKqoukfo35k="}},"6jTR8l9U0RowCdPC52V6WXC//M5T2o8ds7cJac0rm9E=":{"valueMac":{"type":"Buffer","data":"24CinKuOJY/lhvOrtkQMDAj9iEPblud2IyWwk4iIP7g="}},"6tHunqBPrSJk/1eUH+9o0CaEiDjTHmF+ucnLMQUqhQM=":{"valueMac":{"type":"Buffer","data":"HHV5t4+r0ZW9f7SZEWy492kGATSDOtsZfhr87jlIsbE="}},"6xnlu0Ozohp9cXmQdz3DF7alyRf7mssisqN4z6dcQtw=":{"valueMac":{"type":"Buffer","data":"OprxIk01flhvfNR9O0VC5jEgn39N5B8TRakVqYnwHeY="}},"68c6GuuT+paxGqX/HL93MVoMyalQQwA60E5rS2SNpyg=":{"valueMac":{"type":"Buffer","data":"y72m69gB7FRckqMiDctdp9+usGY+ba/FUcmgqQNmyR8="}},"7HLZOGsu+qvaa6iJIPX/DS1MTCm/w90p3rC4EGq1naM=":{"valueMac":{"type":"Buffer","data":"fXdbgiFNax35OaAhRuaxP4/NZuF8HsVwsoODXhdOmyw="}},"7Nt2dq4tZCxpUh4zuUfMGrU5aBjWe0Te0q0dEgQYS3A=":{"valueMac":{"type":"Buffer","data":"Chhjt+e1D5AE7GDDG1SdDoZ28t4jaCQbYaCHCsl0mn8="}},"7VXQlaAeJeo29/XuH3elG2tn5+DwcJJ/XO+04AC9ybs=":{"valueMac":{"type":"Buffer","data":"wNQ8nWUkDa9SGJ1wNL4EgVEOlkdMJIKmyWzDyaU7ws4="}},"7Ww11VPbaTICfoZsDF4fv/2zMIlXNE+JiyqfqJ3QnxQ=":{"valueMac":{"type":"Buffer","data":"qTRbcIbwlQBjNGx99YDUq51wPf9WolzJeJ2eesFLIik="}},"7d97HG/8E6fhY3Wj4K6utKoKFM3r5JuSA+SKVKukd8E=":{"valueMac":{"type":"Buffer","data":"6Rg4V7jzieeBJZF9cf6zjfwr0gLLkYq4hIs6AtBLEVQ="}},"7hqDaOiiBze7ed8hcIIZaI0BtVlDMwTfRKnurCrDWZ4=":{"valueMac":{"type":"Buffer","data":"SROol+rsUY46gsX9teu4IxffS6pVC0IBO9doVVtwEYk="}},"7z0g3JClbi2N7qG8SJfLkGl56ZDJIACm/IQwRTzDKV8=":{"valueMac":{"type":"Buffer","data":"SidWj1pJxrevvV+lD0HIOutOREV4A4+LSaF9i7tSWSY="}},"72rpSDoq6Xp9ZpnT1Lg9mul5WHlaTJN3H3lPEnCYsNo=":{"valueMac":{"type":"Buffer","data":"/lX4adr2dyxYmarZ6NsBXgkZbpo9NG4dQBsqoaruniM="}},"79J5Eo1esngiLiHrI8lspNL1QWEvJDcYhhus3RALTXs=":{"valueMac":{"type":"Buffer","data":"vKX/sHIc3wI2n9H88Ozh2G5D9Yw3g6Qc8KHnmh8pea4="}},"7+tfL56oaBkQB616pP0rPrU6yLnbs2NCdv0/bDWB8eo=":{"valueMac":{"type":"Buffer","data":"JGqCI0TTMcC6dI98O6RUhjwn/MFpTfdoGDbjZ47Ef3g="}},"8Nc1x4n1lXlZBF0tFAZwIt/5lL001stgIuRTFKHITP4=":{"valueMac":{"type":"Buffer","data":"LHwgCJEUiFs4tK70bLbbq0j5+flGKY73zUtYnDlZRKU="}},"8O6Vk19PXb/G1kI3ogbiwFC/jMVaUy68vTROPF8UOfA=":{"valueMac":{"type":"Buffer","data":"qTEOfo3WbW4h4TdIn8yXEYgNDgJJPwuGwcJqewCIi8M="}},"8P9aq4Xeg2xM5JlFZ79CsiKVmqIJdwKVKT74jvJ/ys0=":{"valueMac":{"type":"Buffer","data":"KDoN93WO+S66i7jFwllsL2rKLsZ014U6EkknQQBNcE8="}},"8ToLnqPq7N+8OHR1FTswen7lySWZ1Gq36gPXsbHk6iE=":{"valueMac":{"type":"Buffer","data":"7rssOJgwEG9E8PK7lBoxKrFQyRLHz2l27AJchtpag94="}},"8cZ99WhIGIeOzjzKDxpGQLAgSXoWASDm0P5Pfjs8aHk=":{"valueMac":{"type":"Buffer","data":"w5PUJhLxsUdiPERNhQh13ujzxpT77wAE8SA0LXVbZdA="}},"8hbNZ3F/jhoWOgmu422lHjgVqjYPkQBNH52ik4/WB4A=":{"valueMac":{"type":"Buffer","data":"/GqY/X+8HFdwzv4PXr3tNeWo8E1SvLyBs7c6OvFEfbQ="}},"8pp6zlyhlkzNnHmlWGktC0A7xwDkmp3QFxOTSkbz3aw=":{"valueMac":{"type":"Buffer","data":"P5evX9urJq60aencv88KIfh7EItpwZ4ZV3sjY7E+FAo="}},"8xW5bSfItbf96qzWXpol1aAU2V4Hu6LFTtkT0KDyTZc=":{"valueMac":{"type":"Buffer","data":"fQVTHh1K9yXdQtw/XqkWsCrY59oO90UdUmureEqFEJA="}},"81frohs9I35Lxm+q9SYaA7+TatGxDFhjmaNh7yTkIPg=":{"valueMac":{"type":"Buffer","data":"hUFiL13q1M3HWiamtWmwHGTgKVhVU7AOgMTCn0nA6BE="}},"89FO1sDudI/ebUGuwCOqmiSRAeYU/j6STfOmDtWRc9A=":{"valueMac":{"type":"Buffer","data":"xcielMD3dJ4b8Jnppe9qePOJoTSpf3dWli1zzxY0Qz4="}},"8/+zikMku5hhBBoK4emHGVverGzr0CKlDKtS+CxBvvA=":{"valueMac":{"type":"Buffer","data":"2zQvrAWTY06/wXMRU1+wbhHLrgoyEkha3jL3FIAc26k="}},"9TFYq/FqadzCmWhKNVhZ7VCdhzZYG5tCU9Qw7L9Qi0A=":{"valueMac":{"type":"Buffer","data":"Yxxp81ANlCes/VJK/Pm8nx9FY0Zrqw23n09UJz+EZ9c="}},"9eW9Hv3iJev0dqPl+EfNKoKKnCSBsdp4PIPcKK9wbPU=":{"valueMac":{"type":"Buffer","data":"J5GsIJp3xDOcn59zisT+MqigE26BDFKTt1ACnDFEeJs="}},"9kZX12i21HsIJzGDgqTS6rEIOy4gDt4a1Ty0nQTU0GI=":{"valueMac":{"type":"Buffer","data":"xjoMB0ka3qRLnncFhW4P7Jx1MqIqF1HHkGtfmgmZuMU="}},"9nOGkB82fch99rPpbS5agw+Jzq/SxJd3pHSZqLBfIsM=":{"valueMac":{"type":"Buffer","data":"L1PqLK7lXLxxfS0A1je/IfmYm4+5b2z44aiizn9o9gA="}},"9n+6sF8I88aR9MfXhVUdaxeY9HFt7jqytIT+ebPduxI=":{"valueMac":{"type":"Buffer","data":"RHzcw3g8q77I+SW7rYClZMAgdAWsFud8YSwgxFgGv/Y="}},"9oi43tlkwFS7FXKTL1e+hkp6NTWXoidTPRLmdhuwPl4=":{"valueMac":{"type":"Buffer","data":"VCrvLlFf+ZnO+ZrwLCh1c836ytor3piCtHCbzyXEDWQ="}},"91hLVxiJZAmPrgQHwOBpyconPDnnggdIqHaKRayeZ1Y=":{"valueMac":{"type":"Buffer","data":"2KnMq9+lcV0tz+uYdfczc/muuxTiZEh0OxibjMvWYAM="}},"93Cr+mc/8NSc1wGTRsTzgjz66K7oXzqVBz/CTkffU3s=":{"valueMac":{"type":"Buffer","data":"/JHcnG8NAkCb+2YQdx+A7UMDDgKsfpKfOnVKEaVv/uI="}},"+DyND/9dMfCRwHBaSQr0HM9nBN0vQcxus6vQmDGOweA=":{"valueMac":{"type":"Buffer","data":"VUQ/nrlwe9gvEuLWisYsImLOYNED6sE6o8nPWZxgNMs="}},"+EkF0PeBHaL/u4+PhLRK9IgGGq8NHipQeqse4CmCX+M=":{"valueMac":{"type":"Buffer","data":"3261b3D7AnPCpQisBu1dcY+NJVrOcuDSuI0cuHGsVuM="}},"+FPGPxRIN3QZrYBBC3aaWhGa/diw7Mk/gzJH9ZHtdto=":{"valueMac":{"type":"Buffer","data":"1Y5AXpok4bwsBr3nKiNUOU75gvc4NxrTrDRLN84P2I0="}},"+F/glFbM/Bj1DAWkMqkxlPojo9ogkQ3syKW1LXJPBYA=":{"valueMac":{"type":"Buffer","data":"mGjj09gXs+z7b0h7CdEHiE2LSiKbjDIg8qJro2VzvyA="}},"+aKMVH1cynF+6aKUaSLMT+skOqn2NkA2b+Ij4st6uYY=":{"valueMac":{"type":"Buffer","data":"jH/wdD5IC4zVsJ5R7n/ei8YZXqmQkhzgL5WKzPW+rrM="}},"+dM6tn1ql1kPKW4MwNBblFCx9RPLeAymcEa7s728hdI=":{"valueMac":{"type":"Buffer","data":"GngJl7AIP3Ga/0ByowE0gYpO5ESkG81GoR+pGLM0x60="}},"+2/g3WmCOBOwi0K91DC4ugkhgvjm1Xa5EvNCMSJiW8U=":{"valueMac":{"type":"Buffer","data":"gbnK0LebugwMEpyIW4lX/O8XInLwY+W04Mb4GeDXsps="}},"+5/5FcbR6VFtZMH6dcqIpxHd+ZNNSdgTZMO+mwiGDkY=":{"valueMac":{"type":"Buffer","data":"mL8tr8quQyE1w6+xzqImRdRfg6AhmspLsc4dOsLmE4U="}},"/A4g7B8hhyPaaEoaRef9ZSku3ManeR3+GgPGd+9YZHI=":{"valueMac":{"type":"Buffer","data":"lGriNxWfSZE5gPd5DFba40yvXLgdKDzNwYMcSZuBt7g="}},"/FDx3J/x3RA1oSrcZFbfj56QIdjP+zttLdDr454/hdA=":{"valueMac":{"type":"Buffer","data":"A4wpP68Of3XP2QrmLYlSx7+xZ6J1BIVz4aMgwGzr6qU="}},"/FlrmS0hRqkc0XIeuRMWcqGA4zFI0hNzegq38S+d0uM=":{"valueMac":{"type":"Buffer","data":"A4Ert6Yv73y/BUVqlcdb8snHvQFDX9IXcXUWDLZ89GI="}},"/PHVs6ZkGNvW/Ev2PNkHmpo8Z2aiJLc5yP6auPxEw1A=":{"valueMac":{"type":"Buffer","data":"5tQz+SAK7Q093wVheIMfBmced0sRdYbGZFEfOrbhKGE="}},"/PbAhlMMWikUQXKCYJaaSSNDTZsT0W5z5+W+G1bQzjY=":{"valueMac":{"type":"Buffer","data":"JNlxP+fdHQY1p3aESDBex91q16FRKgTNgVXj/I1MtSQ="}},"/UOikFPETkYFWme4Jjsqg1kwYyB6JEMZANqznT2iQyg=":{"valueMac":{"type":"Buffer","data":"HVEh8ZCiwc+HrqkvaXaUiOUIDX+u0lzfW17YrkbNOv0="}},"/VTAftc78I7okJgmGgqbpYL9Ya7yuFVzg1lGhIDFCPw=":{"valueMac":{"type":"Buffer","data":"tqS2wPbH9rkeglvqTD0cJ+WHf9Ag25yL+iz0nMf0k48="}},"/W4nbSEubOG+ZBquVxbBXNShbhx01GYhlMz5eOy3UGA=":{"valueMac":{"type":"Buffer","data":"9uNSZshSSQwvZHOtr4EW+miy3HMgKCfD4SM+8JK2WKE="}},"/cfS0GhIVgtKLWuajjRW1ilc3IOe9PuGtAabRSRdwKY=":{"valueMac":{"type":"Buffer","data":"MgiOCSTfoqjqPNeibjzN1X0jV3ePYiNOKytN45tcZzk="}},"/kJSFioWzw5VJUhJEr9CrkvrJFv/NEaaTvaaf93jhwo=":{"valueMac":{"type":"Buffer","data":"ktx5BpJDLiVN0+YBstLUQ8jrtheekmY0tiJe74JXQDc="}},"/sY9+gY1Qg2OHeNzjLhdLtfWQq+1Pgtcxb1RCxsU09A=":{"valueMac":{"type":"Buffer","data":"fl+H6ypgg0a2DQvSOSjhbla+bRdJfHZSOy6blOxUIY8="}},"/wYWJX9KdeofgfIj0FvqgFsvRV54jTaJRlIdXLbOzNo=":{"valueMac":{"type":"Buffer","data":"bLAxUhSzjrg7ex99KjmyIa8gnW2EB4w4LeSMMHyxiO0="}},"/w4THx4+0PRrQL4fR8cjzleU3zK0pzQQleuRmSQa5zw=":{"valueMac":{"type":"Buffer","data":"uQ6qgcw7tE5gg/Wwqn80jJg5/xRSq8/qk7PJi6uSJ4Y="}},"/+gY5lhkSsWT+UUrmJ6bb3dufSouVbx0PXk3O7kTX90=":{"valueMac":{"type":"Buffer","data":"oqxAh/LT+R9Nj4qyfEUJEbXUfoqBxoMgYXOZvqTE5rI="}}}}