{"version":136,"hash":{"type":"Buffer","data":"IGKuLdSFwGvBXB/g6Xv7lrDZtaMK1cTcn5e/FAn8HeZ+ez9yZrKD5SAc2sgDFHouFmVEB8NFVbs86DW0pFdB7uMN5vJtp1ovLeqES957NPdEACZc3uiQHbmNzSmW1t4SjO2pVEZKKxr8sbR+qlPPv9nEhFRVeO7s6tACKugZJVo="},"indexValueMap":{"AeB+2WJDw5Wz1p7sAfo2JvwbsY7TzsBKsAOWy+v21Nc=":{"valueMac":{"type":"Buffer","data":"lre4J+2j954CgfCqLKM+ZSQuhLXNbjfft1KRP09ueKo="}},"AoZvXB6F8IC3KIgPvSBKQMxFf2LJenHBx4ha2KTS7q0=":{"valueMac":{"type":"Buffer","data":"MVovdCB3XqSe2ubqagbrchPvSzL6zjOgPkD07wI63O8="}},"BMvhZ2q7F+37Hmf4gogY1stRuTaota5+vKmFbxLqL/I=":{"valueMac":{"type":"Buffer","data":"CL84qPavks7mkdVBRqhbtz+wAIa9RZSsisijSYLjMio="}},"BlAqVSka4LA7kFcdLXn9hLDp35393rtcQDc70LpPffk=":{"valueMac":{"type":"Buffer","data":"qqAU6Q78551gGZ7yCJWAENSoDrgSOIu7J9olZQQGUzk="}},"Bxo82YiRvxFJGFwfo432a9TmK1SlEeT22/hGAJPkCGo=":{"valueMac":{"type":"Buffer","data":"pqbk5icFPnbadIJ5gtkB4So04oiQVoRsguQBAt9EZ2w="}},"CUnCDj/4HadRTH2EFpnKYBeIdMPDSE83q4VQqAjQhqM=":{"valueMac":{"type":"Buffer","data":"pSPrnGTDkAoUdXUvR60ccIOZ5Un5B+h+xNTFzOgadOs="}},"Ci0wAHnB//IOJfewPziMV06VK46kbDiXW1SJgbU2bzs=":{"valueMac":{"type":"Buffer","data":"kyAKS3FqeOV1sbU2LdCiVcDOQAQ9Vr19mDDUVcos8vE="}},"C0ERyQv1PRvF2lUnpLRnqOJ+uTnBC2r0QQUIyqpvu80=":{"valueMac":{"type":"Buffer","data":"BrFipKUTKqG5ybvSJ1yvIDJuL81bjJ6evY+WjfdzAQg="}},"DLU+RUw4s2YbAWuryD6h49tNMvdW2JesYMojQ4JImRo=":{"valueMac":{"type":"Buffer","data":"KTAEm6KKHonZ95EV+PfxTtrrlr4N2u3hHTXYlpve88g="}},"DmldFvsSAqCSLYRkmVOT+OdU2vnSvpScOoyBTlWx0ws=":{"valueMac":{"type":"Buffer","data":"YuhiIotHgisMd4W+fZ4PfR9wywrN9Zm8WuCise/awXw="}},"D4NZCdEEp7jAGXlf8nbiT+hqpiOwzyz36UXGvS9AqlY=":{"valueMac":{"type":"Buffer","data":"ptYcA+dUrlnL7bj6t5jOKP3L9+ygN6Qfe4nT54yR408="}},"Ed4yzGtkHU5JXny2tLdYCjfnjQBGrduDthBIi4k5BfM=":{"valueMac":{"type":"Buffer","data":"A5OdkOOs8/KavZgb78KeG1Oke2i4h0aamSu5n88WiBg="}},"E0sSEpe4BbUulzaHRZttzGxCeYgUSxRXz52G7DcIcB0=":{"valueMac":{"type":"Buffer","data":"vOejCflQt1kstqqdRu6elk4JeQToPxG/ifAgzPlZlMA="}},"FFMuP3UZcU4+bttThj+3YrfMyMp9uZzEsPkgtfqdJfE=":{"valueMac":{"type":"Buffer","data":"CzhL9dS655+PH4hf5Yx5XM8Ao8x61aqewt6a2dpEpR8="}},"FwZxDU2vpNGJxdqBuYRDKs6LX2Q9td+x5ohrfQ2yaL0=":{"valueMac":{"type":"Buffer","data":"S1WYitnmy/neMVhrdMfhYikGwvlTJGeLYwcfn08rM0I="}},"GCBTyLUyu9G3ADlmYOeor2AYzla31/VblsoqvSTYoOU=":{"valueMac":{"type":"Buffer","data":"byTvuMGYjvKoXPS6p8kyCuwRo02Tgylxu4A5emAqXU0="}},"GJXHWMIlG1hoiSz+lzTZ/wm9CJviBaeGDgYxhc+RCd4=":{"valueMac":{"type":"Buffer","data":"Z2lXu8sI1DkHhI02JoNXjr2gBG6KJShmmM3z4CRQii8="}},"HrZ3QlF0fBDdeSQNRSifB8HpuymWBTeU35oMBpduOyk=":{"valueMac":{"type":"Buffer","data":"Q0ZXF7nTMaDgtUJVK6u4gJUmHItPeLsdRapklSJ6aVs="}},"HrbVzbVJQw/+mgLP1QGuUVJ7FRoeJGf1C3iAgGDedjg=":{"valueMac":{"type":"Buffer","data":"JZIz/UPPIvxikE27zSkIJpBrEdsSKMqnLpvgxeQDjtU="}},"H8ErAoxjS+D735HG506U2KFZDHri1xiS69oWYLegsoA=":{"valueMac":{"type":"Buffer","data":"N0YZUguc1rRTv9i9Eoir/yZ7mGrkHnKk/CSNO/F1HQY="}},"IWIGI7G0ndmm+wkxjOiXEOtEPRGAjGYgZoJzvI/hp7E=":{"valueMac":{"type":"Buffer","data":"GlQWM3jPX4pKldqmLTg5vyvW1MRkfY9tH2MVLVrW59c="}},"IbysXBVxdM29TjLxEL8Ceo2Qzcf3wJaG0JHcD2pJMho=":{"valueMac":{"type":"Buffer","data":"Q3qxYKtLidXpuXDiNJvfXML0i3VhgCKulb76RchUMUI="}},"JXJCCfGVVI4H1H6bQ2BFW45lqHVrsZqphkWVzyTw5d8=":{"valueMac":{"type":"Buffer","data":"FiQrWTJwfmjSY6Hsg+LhpCRItvjLuDmgGNIsB5kfo3s="}},"JiHVlE8U9V/+HfuUFw14ljC3rc09DA3dHNI5BvYXpxQ=":{"valueMac":{"type":"Buffer","data":"pHaseu/G+UTTMcu3u4p6Q1GPPdDqYSWi3RHWOvB20U4="}},"JoIwZ9qtxNH2i3CJ3TBeAZrjigDHtouDEv95qLYWMd0=":{"valueMac":{"type":"Buffer","data":"td0o545HT/Q3iUBywGl33zV3H4t8tfbXTjT9ODlUsTU="}},"KHLG/GDrBphjc4SWiAyQkQq9NV4GYyySRqAqIgVeR88=":{"valueMac":{"type":"Buffer","data":"gEY7kplu2UUo75kn7vhOLgaEVNrimubsyrRzMoCbSdg="}},"KUq8Ke5XsT3H6mBFPybP6D0viVIsnWiXgSspoNumeT8=":{"valueMac":{"type":"Buffer","data":"DzS/8w0LnTfCNKEwdtFIyMdzPDOU9CCv1HkcE5kBonI="}},"KfqoAOveEzqsdF+trrnBLl3Rlwwx+PHxfDWDP2/8JjQ=":{"valueMac":{"type":"Buffer","data":"4NkvoaAIysIekxNeJpictMjy1L6k/Ktp4RhfrHWtnaQ="}},"Kq+uDhtLCQcPk8mW9GKOorgs+21gK936G5gvSHTnYlw=":{"valueMac":{"type":"Buffer","data":"GhL6CMqn9bnDNZDBcy/XJlvLCkA6fyvSCdFVeug2Osk="}},"K54cddi1bjSjc4p69oMO2hbFjJtrHwIvOeCpw7ktT5A=":{"valueMac":{"type":"Buffer","data":"lQa6edi4GN05InBoDqPtrFZkuKbJE0pwGhwBFSBWhlM="}},"LITBlYKAT3YCy3/+OnUITpl+cVfDTZsntbqB2DCYA+M=":{"valueMac":{"type":"Buffer","data":"kd5XE9XGs1JqkW1J63bvjzYw1PF4JXQQaxFtsoOJ7RA="}},"LRo+N4ND1bZF/OtzdObqpF+aHluQ4peztkt1CMdyVIA=":{"valueMac":{"type":"Buffer","data":"sIxO+AXqUZPuriijT6ZPZ93fLVQ7e5n6SnoOvx8nTYw="}},"LjZqGmD8Y3GDM6GM5uJ5nR1zUkTPzRU8+4kdRgVrwAU=":{"valueMac":{"type":"Buffer","data":"5cRG47OFbNaWD0ukbJoZnTMMRS26S03IzhMfi6t0kNw="}},"Lu2rzTp694FzxLnt7zRIgTaNEs5yWO10HbvkMbWtpm0=":{"valueMac":{"type":"Buffer","data":"KaObgT0Gb8TZtsqjZVEOHNsAB7cI4DL05zL5oJd3yoQ="}},"L90UUN26A8xpy1q5xq9L1Ocqvvrqe/4N62BcCCyjqbY=":{"valueMac":{"type":"Buffer","data":"D5izdcgGtqJBWweS3UZXslK/XDrOioCxRkIub1ATSeI="}},"MD5+RkaGcDSflERGN3VkzYbIwQnffMIGayEqHYhI0Ns=":{"valueMac":{"type":"Buffer","data":"Zu5v66TXe3P5W+q9xcUNwNd4FDHPQKUptWzfQY/KEfo="}},"MIR0e9ljApiUfRS4tWeqh4xGPkaRm6yfk4u0Rs+qoCw=":{"valueMac":{"type":"Buffer","data":"zf9aVmIV0ZWCc4kuVekyOWGRSvY8lC2oicsVmeR8HZw="}},"MZRe+ZlVYCgMsv0WNzjX441id6akmqUVlz1Eu35iwRk=":{"valueMac":{"type":"Buffer","data":"CteycCDlbRj+P8YcpgQlJ2RVNDng1CA/V+8rhR5NYm0="}},"NA02ULqcrgt8bsXlnECYXodq2HeqB6Te3rwLdaLG71M=":{"valueMac":{"type":"Buffer","data":"nlaeNcxbHAl0Jy/RZkVAVUFkKyQLUmP7bveCLfTSIUs="}},"NkjJKuphR7q3UiWCdBgxBluOmOKAsx+McyFxkGrcQJQ=":{"valueMac":{"type":"Buffer","data":"HqUMSE1XqIOyawfutVh7Peuyzg/gNf7u1zfgXg+mxhM="}},"OkaXNzPtMbnvEazVmEFexJDBF6x+w/mhnq41GmvQnz0=":{"valueMac":{"type":"Buffer","data":"QbpFZQJppSnDOmDa+kim7sSPBi6/mloYiNBkiS4SJeM="}},"PCLXPB2wMxIUjpLVTnAvoTGtxfnrGUb6mu/FWnRpfQA=":{"valueMac":{"type":"Buffer","data":"6NYp4ey8CKDCWlAX0tHGQJ1FEQCnr0uPRecofk5z5y8="}},"PDAgWrf+7tuNvpcyATPWKwxoNV4c9ov1YGWgafeZ+Ss=":{"valueMac":{"type":"Buffer","data":"jVDjwmsQfPaKHTZBvmowAJg9HWTcznbCFucnEIkjuAA="}},"PMvMYiEa5PIvMQoGo41Rr+FwTUABrZQS7pcVjDwxVJA=":{"valueMac":{"type":"Buffer","data":"wgOBjyQRwyqHJNHj/wHnGvvknvB07DW1x89jbIxop1c="}},"PZY9ClxTGZBmxpqvLVSxv0Vn0kP0314f+ExJxWSsS0M=":{"valueMac":{"type":"Buffer","data":"g8nhiBxWkNj+YyNd8c4QxX9anEFim+az7REYRriqfx8="}},"PqUtIhWafS5zDD7mf94TpNuXSh9ZNdmR3t+VJc9lAZU=":{"valueMac":{"type":"Buffer","data":"xLjxVygU+ZGVmMD0sm6/h/e3us2lCb1toO87kjSbvWQ="}},"QbLaMl1n+E4T9GsX/ee0GV2fqfruh5cKLo4oVGyLLDU=":{"valueMac":{"type":"Buffer","data":"AH8/b7+K2x/JrT4QWPPl+OQHgTxES30yxiA2+lwUDwU="}},"Qn9dmDgNPXRSRsTw02aW2ElgGOIhH5Ivf5dOrx/yVtw=":{"valueMac":{"type":"Buffer","data":"U0wPes7IwD502TxLngEXaDUO+KM/mB6qk2EM/ZirvXk="}},"Q442eNUJ56MK2kKW1o+aIM38K9SsXQd2RylN3u5qyek=":{"valueMac":{"type":"Buffer","data":"tb5GQ7Bux6dYDRGDEPJyfq+U5rM0bzQZdqjfNfu0LBY="}},"RKU1dseThGlorQrS9Hs1uuQ+vwp6u86JAK66Zc75Xn4=":{"valueMac":{"type":"Buffer","data":"iwanyUk0V0zZt0O73AB+aioXvXonu1UD1yrBeivI/Pw="}},"RRk45OfcQqD6Dca1HrHFsdCU8Vbo6cws8JbPCeFl6kA=":{"valueMac":{"type":"Buffer","data":"zx+6eaG9WY2LmBi7cd+MH2Mko0K5tgvq9vFxc/wO2Hk="}},"R7ywdMu0sy/P4VbK6AaF1L1QP/QTNEpqkeiEb1IRNYw=":{"valueMac":{"type":"Buffer","data":"zLl2go9GKxFEX+cNQFyIZsQEbjC5xOXp3MaPR0QKyig="}},"R8vLKkd0TO1pyFBy6xaVgPw25Ni/CVveXE8p9aaWVUU=":{"valueMac":{"type":"Buffer","data":"roVmLS6DrIVzQtIfSpO61MZOBAkMTMVDaf/MjcMKW8U="}},"SAmAQEBSeWFsTdXmZ/QlEUL5xSrRLj9q9MLPYn5SRVw=":{"valueMac":{"type":"Buffer","data":"9BFoo1F2PHyT4h1fPn0mOHGGbnfvD1Sq9brEtlDJIQY="}},"SLNlk+Hyer14ZMfB2LMNdhJK41NzmQx4ijNjPxMQJz4=":{"valueMac":{"type":"Buffer","data":"+cLCRWZzF1vvH1nwcOMiXdNS2u7DBUC580AF4kzXvbI="}},"SsvO9ajfiG4RR8OhPweTODMZHcAjjgDEIyEgw3tLgu8=":{"valueMac":{"type":"Buffer","data":"i+aepMaaqIZaADm/IkWJQcCC8lewrAGcf461XEm9Cnw="}},"TKBgLhIN/Fa6EoZ1WwtR9QDaBfwWxySZ5ggeJ9Jq/+Q=":{"valueMac":{"type":"Buffer","data":"H4toZQmYqztrLIWl39LZjka3eJ4Ef9xc6K5yC3iqYLw="}},"TkQMO88ModUS4obj/7//GWMZd4btkoFZfMwhEugsJzI=":{"valueMac":{"type":"Buffer","data":"WCqYXCtb2PzXWJai58OPkpPr9LIJBVnPvdqdY96ZeAk="}},"T1UCE8Ay8Vuc4yJT5dPOwZsK7BKfqCt+/w6aH4Hi2LE=":{"valueMac":{"type":"Buffer","data":"S+8yWvnqg9MBTLDBkPvxpIYFcEvkXxoiaWE7K4O7OFI="}},"UVlnKjn3ya6Vrrqc79IRdltbS6QLaUi69gwt7WKLqqQ=":{"valueMac":{"type":"Buffer","data":"zTfPAc+80Hk/dEO1gcFdqaE5/szRC1Gq4/rcHh94XP4="}},"VGfB14OZyshbCATNvDgcI1J+ydKqNPZcMHXMX1ykBBo=":{"valueMac":{"type":"Buffer","data":"2/R6j2SljDaq2jgUX0y8vKbIu8iGexCHXANOKNmfum0="}},"VjMfzzYtzy7SkOghjiK/jZ/zn56JJXjzq92LQS2vbIQ=":{"valueMac":{"type":"Buffer","data":"7CPIUS5lfYhQRzflP8EiTIcwzLIsDYlJfnyejeHC5/o="}},"V4sTFpoXhwNbZh1N8dAYqcDbQUzZbTCh80hm5geAxkI=":{"valueMac":{"type":"Buffer","data":"pe8Nw0Kq0JIMqrsQLAh9k0uhl+JMFEVGf2L8iYRElPY="}},"V40TR0leCOg3mPXvhrPUztrUP9jEx8xZ1fLZdv4N5jE=":{"valueMac":{"type":"Buffer","data":"hdgjodv8CFK7M9Vk1ej0OU/4E3pD+u4VDULanKkVUs4="}},"V8eO7HESbO838Lv364sGRkrV0i4Yx2AuejhbqkQ0kng=":{"valueMac":{"type":"Buffer","data":"pcTqV4G/23mWQ46Z2bPAcplh5tvjM6wCy2SEATJjeMM="}},"V9W5ykNZcCygW0XxKWG/hjzeYr5CnEte7+gA3EB8lvQ=":{"valueMac":{"type":"Buffer","data":"6OcS4uapsxjJPJ5kRHSc8F0apZRKmdBN5IAkPjpuROE="}},"W7Nd84FqLJICeLxRjUrL7tzyY8oWT5pjGHc4MuRY0E4=":{"valueMac":{"type":"Buffer","data":"OVI8QAxkQ9pQ3fVl+pgB7W+Vz47rsH4+vrrjRNNMCos="}},"XDeXSgcvjfqmYjS25VdR692wbHK3G0H3YMx7nVRA+Lk=":{"valueMac":{"type":"Buffer","data":"fjBLCFwT3Eb0NoUpdOgXOQFXXprq02NzzS1BzB/1X6Y="}},"Xg7Dktenz4JJxd4lihpav328mFFB8R979e5hiF3pmdA=":{"valueMac":{"type":"Buffer","data":"BoJU4CObTIbJuky0VlWgNcODi753hnZGA2rtml7kiKo="}},"XnE+ljjYdchfGWpVFNHwaez+Hs9A1R/k0qhZJtj5Emg=":{"valueMac":{"type":"Buffer","data":"xqN83JXFtW/Q22CXosJwil7fRoJf6Qae5ixDckjsQGg="}},"YHM8d9GwmB4/9EfyCafNZH6evtD1LtP5/LGzqgYMKWA=":{"valueMac":{"type":"Buffer","data":"g43VQ+2a/gne+6ICL2bQxX0HsEdrPZVTQ9hdrDaugAk="}},"YTSkNq2M1vdL6Ajy9KpnrwnG8iqZDMZo+6tMEK/vr54=":{"valueMac":{"type":"Buffer","data":"GvStDV321yPfNbB03XY0YlE0qmTbOjJEU02SjRtxUcM="}},"Yvwov/qIgrC8DH5TOCTt+NPwG+6QMYZtS/EZfabRu2I=":{"valueMac":{"type":"Buffer","data":"6/1O7el/3P0A1NHWyM5nCIx7+5LU7Hxf4lBafBtlxt8="}},"ZLds+NjO3CaW/93kq7DorhiDLe19QZMTUYQd6/y/uRM=":{"valueMac":{"type":"Buffer","data":"3GIdX2JPp0qDvusoL/vWUM8alcBZG7VpPiL9rjY9ypk="}},"Zih/rq2OPNtSz4i48cKKKpxDrX8go/PqecswCi4xYFo=":{"valueMac":{"type":"Buffer","data":"2pByPZd79jF36Q+JXoAwONAAehfJI36KxFwwZxM4qAA="}},"aB0/LHfibqU9xdE2MeZ9pngKyXXuEmDSy8n+LCLKIcc=":{"valueMac":{"type":"Buffer","data":"DSIhaF7asjG3ht8uwwFoiYbf3nSEJLDYCbh7LYWK84o="}},"agcoeZnzqMna/m/D21B5Qo6Ia3X3KAfpEYEAxVk2c3w=":{"valueMac":{"type":"Buffer","data":"qkfDKiiqydtxh97ZoEu2tzdbzhpsmKy1fY5ojen+wEQ="}},"bcwyRmeW9CT2yA14MR0+4EnEKN/oTK6gR7cypSayAIw=":{"valueMac":{"type":"Buffer","data":"sbK4V24N5cqvB5f+MknthptOq4/TWlBRH1RWdguW1Bg="}},"cFOGzgCqrH2XrMg6bxHQdBow/gYIzh4wn+0uL69AqrI=":{"valueMac":{"type":"Buffer","data":"nN1O/X+KSMUzWhM/Vw4fH7quXGbm0e10RaZEtAyKI98="}},"cMsTK6T6Lz31EG1yZtkbeob+rCQifER0x4vkifUQCxQ=":{"valueMac":{"type":"Buffer","data":"2tMtfZkcpe+XwwDkMWJBC0n+ztPeuuCs3PnmxCCrEKw="}},"ceIinDdls8uieF4LnbChLG1QUxRIWQ8JnywzdEp1XOI=":{"valueMac":{"type":"Buffer","data":"33DhIyR1iAvnE617Gap/ZFVqCp7uL+e9OGCTYTeL0ko="}},"cp9kK4enGB9sHM96T9+jpUaYLB+u7rGNC6SKXv5cYgk=":{"valueMac":{"type":"Buffer","data":"ThodmPryM1qtY6+OPGoFmuB36pY3bmbuf5p2WdlnLq8="}},"c3HQvNgZnsvQ6zm6Iyu4e76p8Gl9qgIRiqEABIys9yI=":{"valueMac":{"type":"Buffer","data":"XMjuS0NHK1rueE/xuV1c1gLH+6rDIwBjSi/C0yTRhlY="}},"dXeKa5Z9pQK7kR2kTEq/CrAr/TvmbIunr3X9pnHfHcE=":{"valueMac":{"type":"Buffer","data":"kAMl3zFh8gqGpKdJHRGHOO0BNRdrEROOl2ys1YKHOjA="}},"eGJ0uNyvClvWZ3UEZfyU9dboLvLOeZkyaWT0b4pkX8o=":{"valueMac":{"type":"Buffer","data":"kWKKGoYHLJwBHRFwUWjYy6XKTeEEDMvlLkljIs1iMuo="}},"eeR9qz4G1iuMNmJSMXoCH+MW6ybEK8bkSRIGK9pQ2CQ=":{"valueMac":{"type":"Buffer","data":"008y2aC0RzWwU4l8vFQ6tpw01ayRB1GhByEOvFiaXrU="}},"euNG/hPbK+uItNrhU8PxUIqC8JbaBJp7q27UtNwFbpo=":{"valueMac":{"type":"Buffer","data":"OOTNeN3gbED2m8fHVjNbA/X/xaqFwIjTLRrfkkY59zE="}},"e2kdE6l13ccEiQ22iYQ5m1xgs6t0lmUMUP9CN1crj7M=":{"valueMac":{"type":"Buffer","data":"mjG8BB+ez0bbqnJbafVOgPHi4DEDpxDe/sFPSKpJchs="}},"fFHrECudZhVYHHH86Uky+5uNR/Jjloq60glJx7itKH0=":{"valueMac":{"type":"Buffer","data":"PB8BUvCmoYn1HczJlCeFTmLIkm8BabfCoK15wTDOlVo="}},"fvdax3MebRiFww9IxHUKL86bEkPto/7loxkKbuc37zs=":{"valueMac":{"type":"Buffer","data":"nyWGoagdaXg+NMJFWHB6zHSv64cguCypMore7t1eXQg="}},"f8lfppxGiwj82ZzAZ6YIfi0BgkIkSw0q6IBcLlexYSY=":{"valueMac":{"type":"Buffer","data":"/1+zwDtQ15jwlL/J/oatzA1ugFQf8e/U/2HXk5BPG/A="}},"ghVOMPhaIBHMbQjROvbE3T33Ddba5JVw7eaHVj/sr/Y=":{"valueMac":{"type":"Buffer","data":"Sauv+kXzrcNZrfgJsytnEGnwoeeD5pu8ADIiob8BXdQ="}},"hdsy9f5plkSYqQdFpnBm3DovDxkhuTpfizcXZUXYIs4=":{"valueMac":{"type":"Buffer","data":"KTsIm92mQ0zgAvpfbXupfukL0+BVHeUfwx8JrkwNAiQ="}},"h0Dw3J17NqqyChWYa2cYcITD9Py6SNE37xW40sn3Kfg=":{"valueMac":{"type":"Buffer","data":"aENmxenSiOtUhbfnX8Vbj4qw2TQaerwBlG0px9FtlXo="}},"h7mycZ0mDBv53n4Wj+2GORC84pTStFslg3KNclxdNwc=":{"valueMac":{"type":"Buffer","data":"UkIZLG5B5cwoqDluwPvDVEHGMuwW/+GCyMnfloujQcU="}},"igMgUijSDyKpfq3qQ2dref1WiQZEVDN51bcCfFSeYB0=":{"valueMac":{"type":"Buffer","data":"XHjnYmoig1beGyqxpaVq+dpyupk3kq9tjDPGb6twkjk="}},"itNXSZva/tzSmOLQcLN/U10NxMivDmCIKqDYtz1CwSo=":{"valueMac":{"type":"Buffer","data":"nXHrHUq3IyGdaXIU2UhfnwfbbFq/AAODgNKB5A93COs="}},"jFy1nT5UPZu4heTAqbIVcrpn3SGt/wOWD7ORrVbPRFU=":{"valueMac":{"type":"Buffer","data":"fL+aUe3GuyLS7gaYdmxEWMeaZuTSGwJuZdPvVcgsLKM="}},"jQS2JJrVDM04jqFt5KSKcYZghM3b9ReZf8j669Nf8HI=":{"valueMac":{"type":"Buffer","data":"LSueiT+TrbTywIdfN3NQiEIU2qk61elDzHUFTwMQf8A="}},"lN3ef2DK1FZRkoZLiE41+b87AdkFmhpac4WGGYmZGfw=":{"valueMac":{"type":"Buffer","data":"ruHhI/HkQIT8+1MapfQn0YgRtRnWW6IC9H2m501uKS4="}},"lWAvxe926peG0OspzonDgauj4LXF5zqsFLMXOZVO1M0=":{"valueMac":{"type":"Buffer","data":"aluPMVb0rShO2aRaKetQPrWEqdY0VUVqbE64+XgOB5k="}},"lYVb5whHnWnPS7QFyg6fSwOd5G5miwli1jdPly+n9bE=":{"valueMac":{"type":"Buffer","data":"2bity1xVpNVyXEsP59PX3L9YwxJOvBG3LOr5RTPDZB0="}},"lcTN9VEg4vJmhrpsVIiinzBsws6LiEJoIg5zV0DOMWQ=":{"valueMac":{"type":"Buffer","data":"bRbP2krSpDUhsPxARUlqqE5tBIjQXCFK+5zw7aAMZ5U="}},"lqLwSyYPDLeEvR2dTWxhJjPZt7bhY8facJy9RxyfW0c=":{"valueMac":{"type":"Buffer","data":"UC7NDsqirNEO+6+hGgGwmksaUi6YkHCyIUUuQjG1lew="}},"l0TpWuGgRSCRP2T+Z5TZKN5xLnwU30WEIojGOnGYA2M=":{"valueMac":{"type":"Buffer","data":"kMKu6Bo4qu015Tvg6A1jny+Gx6fETxP8L1SBeIyzn98="}},"mQ8BS3wx7GPsmAjxHzbIpi6Vv0dH+SDyP1KLY3I6lUY=":{"valueMac":{"type":"Buffer","data":"9hmO2ltJdpKLQ1f98qnb1DQ/xI1VSxpvBS+dhMasLZM="}},"mU3UtpP6IuM0Ak6niKQlFCEv6V0+rfxXEFI+sl2CkAk=":{"valueMac":{"type":"Buffer","data":"cwuhNOH5gjUw+6zQIG8dApvy61knj2dFsjroxezGVVo="}},"mosZh+m6YtUdLXAAw80bvw0g6nB+BcTpgk8/HRkOd/8=":{"valueMac":{"type":"Buffer","data":"nCv8IGbP0x6qcyP2lMEzRCBhXxNUhOxJRqIdne32GyE="}},"m/yuUCfpWAY7q4RThJLdCewJyxzXVVQuobn8addMEu8=":{"valueMac":{"type":"Buffer","data":"FWfcZ7sY/d+7JosqGSUW+CS1C3tSwJsoJFelFByXdAQ="}},"nE1fT6BRo0Cidn44lY8+Q5wSWO0YNPh4ohng7wmUpr0=":{"valueMac":{"type":"Buffer","data":"SAA78nvljY5Mzt6mvTtb2CKqfRel+BtY3BZXqniETfI="}},"nNgRWS6JtZXt8PtwbCxE3WHk5VIO2TPIBao5qWf5/x4=":{"valueMac":{"type":"Buffer","data":"gMOl7NUYgNsGGlCbtMHEIBLF/8290LsNAL0TVr5l6fY="}},"oexFeeuBRzaaJXnJsQLZilHJAAKtbn3kPZf6hwLTZb8=":{"valueMac":{"type":"Buffer","data":"XLATdXxj/2aR5TTgqOXqoncAhXfB9GOb+RAUfKCHimc="}},"o+aQtfN0O721hkAuNWF7YnXANpCXsbbB+wtmENDLjWw=":{"valueMac":{"type":"Buffer","data":"94by7fHh0kH5Ve5WATLkVyBDJ387yeGRY0Ef2iVJwOg="}},"o/cyPDqD2UG9GNJifkGNdGR6kZ9nBq6ekOrdyhqUaqY=":{"valueMac":{"type":"Buffer","data":"HTpJEQQTs1GDOXpP2sp8cdqnarbPdVbYh/YSe8GUTGI="}},"qCQqPDIPmnFh/JHf6JaUOtlBZDDh56BRFnZ6vHgCwcY=":{"valueMac":{"type":"Buffer","data":"sZBzooHFgZcb1a0OrbtBuG3jITtB+aVsZ3HZuT6y1vI="}},"qdbskV/qmllu5hEWR318g4sGsYi7gnGQiATZ6gPgL4c=":{"valueMac":{"type":"Buffer","data":"7MLcyDTmDBJD21GlQa9UwB2FkKxPCfhZHpYrYMYG+vk="}},"qgQkte1CHGZc4Q7+wzpv4W5K8GgBDdwbS+kDau3PfZs=":{"valueMac":{"type":"Buffer","data":"IFtsapaIkgY+lpQqWo227ct2rGdc0wm9D4tO1nuDgTE="}},"rE6sn2byA7voTicZ6CpU4ZNrpBt/LakzbCpEpZE5KwA=":{"valueMac":{"type":"Buffer","data":"FAmrgm/oHJKvPzMfu2T1QkiK9NrPjvF5juBzITx7mK0="}},"r1+wfJmdb8/ig+cKxpzfDGkS1/YFt00jukelXfSQlPI=":{"valueMac":{"type":"Buffer","data":"eKqiPWCI9GBvgXe8YtE+tDczNj4fQd4KUnpZUvDhjyA="}},"scstvZDYHmRmlYWZ6IpntD5Ps+KPzReOSlrPkL1njoA=":{"valueMac":{"type":"Buffer","data":"EYQEFh2xary0Uxrn+vgrWsiLVv/6fSFSe5zR2BsidmE="}},"swZvB21Xeg2PZTE3M8JO88k4uzUYJYdITn+P/9cbSCE=":{"valueMac":{"type":"Buffer","data":"aS38/cWybbCEFTutjx/fLGwA/iNMVrEA0KXwEGduCYA="}},"tw9rwN2Y0XNnZPrb0SuH4pDGSY76nhchD3IM6a+zupQ=":{"valueMac":{"type":"Buffer","data":"v70NGnc69WpGFRJLTQb5KAUzq46hDbGsZnSkOBuam2Y="}},"t3IJK9pmCqfkA9FCjGEQVU6aa1atrg6lAjbWXKGw6cc=":{"valueMac":{"type":"Buffer","data":"UyKfzC8xy1rzL0rbUlCROYCn2lXNaplra8Q8wrRnxcI="}},"ukTmkND5PpclPNNkuzQrzUz0zNxD3iFAG10Gzp/3p5w=":{"valueMac":{"type":"Buffer","data":"vu2lf5RUM0ycYBOeU0BjIw1Yt0em2tSj29JZvCht2VY="}},"u3kMvkoiXOHrZpGYv+7s1S+KvT2Dm4lJN5ZG5rpvCkk=":{"valueMac":{"type":"Buffer","data":"sQr2Xl472QbeTylUXtpHoylrqbQjMmVH/5P7WoAtgp8="}},"u/oIGxtEOJrMcQGyjT2+VCG0KLAclL71PjY7VOOYUZw=":{"valueMac":{"type":"Buffer","data":"HqR8zxiAYpAHPlVI1v6voPYJeUXgZIVPbaEqbz5bGnQ="}},"vpE3hPO/EtK75aOlpA4fAJgIvjlh4BTxSRZ29j00Ayk=":{"valueMac":{"type":"Buffer","data":"kXnxqHaEJ5cUaDmvnOnnr5ZwbY/SVwbZWzcH+L6I2ec="}},"wS7us6lNlG0xrx/NxEOce+8wuHHwp6/hv4h1V8FwFxY=":{"valueMac":{"type":"Buffer","data":"K6FtKVOW3FoXCJspQiEkq6J7q4dVpf3EhS7jnSh3Xuk="}},"we4emkGQhjQl1ezUdLAhsi/NmDewLo/V5cmOQ3U0fSA=":{"valueMac":{"type":"Buffer","data":"cBCwl+Ybj5uDd/dDV7wBxLFFlrkXYkVRuWy6hm9lsog="}},"xngCQDxbryyroHwZP6SrbtEIbxd5g+Me2iWIQxtd26Y=":{"valueMac":{"type":"Buffer","data":"Ms+Zs1oq2d+3H/GGNmqsO6o2nsWs7bzGsgdoJ3diIxE="}},"x1le5LQSB8JHHbrqIueUTUS3bflxSZsO3DnWhS3m8Lc=":{"valueMac":{"type":"Buffer","data":"utnGANtF9hQeX/Q6XBJ/X00Y2EOnBCSyCmsQS9hrS6s="}},"x98ZjSJYnKjyw+61EQXIygSJ2/dVBIGH1p5SVRajzFs=":{"valueMac":{"type":"Buffer","data":"3ovoIYt1WUu9bZJBgY8kNbznbhkhXlZMSTtpq4YoFok="}},"x/9jrhTZbMgmooabFtmACW2ms+XzeTIgJMiCS1Hzjeo=":{"valueMac":{"type":"Buffer","data":"pO8Xnu6R+p1XC4Sm3avMyr16D5COUhesVIHHmLH/Mok="}},"yXR31MSrAIinuycZlJy1j9ZN8LK7Hck3be27ZQ3FM+s=":{"valueMac":{"type":"Buffer","data":"KJJ7LmIaZ7uLKPFU9/mMemh/Y0XGYGYMIoM8gqlPp6Y="}},"ytqPiEb1TI/R97l0z9tBji837psz36xKTmoVe1hnc4w=":{"valueMac":{"type":"Buffer","data":"Hko7B0i4uk1VgksIme7zsO+/hGwmAZ2GGcmPvFg3ngA="}},"znijHekWZOniQ65BUi2Re+Cqfb1mOtWxOn3aa6XUYNU=":{"valueMac":{"type":"Buffer","data":"VQXIA5OyX9OFwV8N8GHeiDkz1NVHTuAyvmd+cXQpf+I="}},"0flfmNpUyiKkfj9occYjASxn7rcq2Z2z1Owqo6n30c8=":{"valueMac":{"type":"Buffer","data":"woCbbCU9CFNYEXmzSbbm3jKA/ySv6q420Vi1Mc9rcEo="}},"0lGffSpsTilQEb9svLbcWaiXXthcK72ItQDNtYIG438=":{"valueMac":{"type":"Buffer","data":"wiaCM+vS+7QrfL8QmwI1Q66SFPy/iwChWSF/T/VxClg="}},"1CSFonkiH5gnR7pd4ahKkbXnFXR8FdnKMc0pHAvL0m8=":{"valueMac":{"type":"Buffer","data":"lv4fWlXR1XMBjGns7fas0IQjVNpM/PrurErVedd8adc="}},"1pHYf3jAKLLb+iPBBCnYnI0ggJbbqLMvc8eGq6WxlCQ=":{"valueMac":{"type":"Buffer","data":"AjQ9JUt8mDu4zuaWFvrCWloEKB0Nvta1F5SqT+dE4oM="}},"1wbu5b6gKkGHxlE2iO1VmAS3vogGYduUO0yaPw/X92Y=":{"valueMac":{"type":"Buffer","data":"rPzn6smAqibYXWtu14rnAptciavgdOlkNaMwVCMdVV8="}},"2dYf/S0HO57tymS/A782/G2V7j8Che8CyOo3/glmytM=":{"valueMac":{"type":"Buffer","data":"oNsDgwftMzTOc2Qu8ad3lc7TxM8YkhB/i5D4zS1c3xM="}},"2pyFOvxQhLWS8bJIrOe3iatiJmp4J1yS7P7rMMBHBSY=":{"valueMac":{"type":"Buffer","data":"01SJYxttTAe0d4edXr8CWRcdiAWF8tKOpO6uvuBXVgs="}},"2tq+0LHgrlAzOzUSzTPA7oDNA47G6lNfspoEZaEcFIc=":{"valueMac":{"type":"Buffer","data":"COV3lGPYgrLxhyPSUS/HMlrMvvJBNB4jayk69DrWgCs="}},"2uPP6ux6nGGMJRt6s65nSQD6uDXLmy8ut2wvB9o+7tM=":{"valueMac":{"type":"Buffer","data":"GQT1ftYIkhAqKUacKWbTJN34Z/89yZ5+wema8QvF28E="}},"3md/xxYE9BSGT0vLYJrRE1g1ixdlEnp/4gGml+P4li8=":{"valueMac":{"type":"Buffer","data":"jUssrOrcl4c7/IqvjWybFa8dkcS/mrCHozxkH7lMebs="}},"3qV8y3W2+ZJ2zaaRBUTssS2JARhJJxVQ5ix+qHHdbEo=":{"valueMac":{"type":"Buffer","data":"0pc+1aRceaJoU/y6i14ikJ3Mreku2XE3DOUrX83bUnM="}},"30Ot6JW1DzFJV5iigcIlOQj6Ns+vBWLI/w1PDNskwAk=":{"valueMac":{"type":"Buffer","data":"4FTi7mBJPC0IQa2q9QQCZKKexld2xzR4M1VtePINcLk="}},"37yjzV4c1BxpJeTkQn/DTbB4i/gfuqdy3YLx0RnygyU=":{"valueMac":{"type":"Buffer","data":"GTTaDvV07+Vy6JGaGxRaPa7p2vABpoOCf4U7rXcU+Qw="}},"4b1BMJItktIrnczcon9BWQFnJRDVeG/c8qJOStb2p7I=":{"valueMac":{"type":"Buffer","data":"ReFQL5xWUdZldTOzNsueZqCkmhPhjEtPntubbnC/yzw="}},"4jvh+7kTUIrgtw10LzoRUaKCG/mNmZnaCrSD9niDSM0=":{"valueMac":{"type":"Buffer","data":"giTQL6N8FBpDC8xEIn2948GdNQOxkOaV5JcP2c6gF/Y="}},"5UoIbvA9wGOi9mDH5qmG3fc9BS0iSKmAQtdTPSuw7QE=":{"valueMac":{"type":"Buffer","data":"z1pIcBdhlxWMATsqYCNmfBnviaktp+2VB1qGR3aTDck="}},"5cyPTNw5HJhOYwxtJH8r1zJ5V1jPWuyE4m3DVedC2Y8=":{"valueMac":{"type":"Buffer","data":"jHOTXjqmdjx8P9Ki+3Vgq6IqRxqZ7LtYVK4HnxWX9iU="}},"6IoLSetL+YBj68EUirPYTeUFO/bY3MJQWeeoaFByNA0=":{"valueMac":{"type":"Buffer","data":"vaP2q9sE+1KqYVErvSkdlt+7VTh3O2MuyDkWu4B6uYc="}},"6jKAiN4MdGhfThlY87qnffZgg5YaclTU5Uh6lFCAJMs=":{"valueMac":{"type":"Buffer","data":"3/4/wFCja++KVbBQ9Mcw2IBL7p+/UrX5NEY9dF/ilws="}},"69NgE48DFsF7md96R7whWjz1mWlbec/iHtmEP1b0VvA=":{"valueMac":{"type":"Buffer","data":"ObLH9G8CMn+bfe5J1H+0WncAVq3fnaGS1lW1szxnCdM="}},"7EjtvUCL2ysMYJg1fnbehQeKXkrfHHTnCXIii47rbrY=":{"valueMac":{"type":"Buffer","data":"bcDrMrBLGHi8+xXPAtdoyfB7aruZjEmts9qSNGM4txw="}},"7FrLI0u+uO3zb/Esqf+oQFXK+yyU4eUlc2dnqKFZtP0=":{"valueMac":{"type":"Buffer","data":"PCO1opPizUOgSRcCrNvTkfWmpGbNhHUUFt5uJm4BzRQ="}},"7wLhMJ/xfIj8pwz5hUG86/K5Xw87P00AedM8QFNz4RU=":{"valueMac":{"type":"Buffer","data":"f0jR6iVTGlHnRuZHxnxJJExF86I7aEmXLVZh/oQpCcc="}},"779eMW18lydq2bEv6pq076Ekv+9W3kRj82OOd+COm6I=":{"valueMac":{"type":"Buffer","data":"yN22hiZVf5Bi9ETJduW9yUBq3GqG8aDeAbGqFde0lsA="}},"8F0efU3O1AmCIIHWTiZUD+Evt69oVWmGE20IbtJJAxA=":{"valueMac":{"type":"Buffer","data":"2maOkgRy64NhtWRA5ruGdE3yvGJgvXqstx7qnOrELf8="}},"8k3fYTRVNDkB0I4aSzvgVqDWiKVNbh2KTgkioZvJpu4=":{"valueMac":{"type":"Buffer","data":"Obvda59d2HXYvAGf9g5CLNYD0J7ckXNC/Js4ugzTY68="}},"9eLVCu5GqLWMb85LlxSll4d6LvSC19bv/qFWCByAb+o=":{"valueMac":{"type":"Buffer","data":"TOGu6i6N2ulvkvwVVUrIcUic0jXVrfu5i+lA5RY2Ha0="}},"9qaXuFxZxXHSFbUnmJVuEH1dP87f83Dq465xpnPwptg=":{"valueMac":{"type":"Buffer","data":"iApX+FGczDAb0rpLs8tH/qnpbyuLCnKP582f4Qhm3NY="}},"9uDT7XAKA+n5P9slT15vZq8iOgRdJ9+5puvCmOV8S9I=":{"valueMac":{"type":"Buffer","data":"jFd7KcR0zRX9uA5F7amSEnSCQIsu0C+JRiTtJRFIVHI="}},"9xeRgSBJlONGLv5nPyIYjEuiMFpoMLOnaGH0T/2oXi0=":{"valueMac":{"type":"Buffer","data":"J4p9PycQO2jdorhqAigFMJ7IU7SkHZHzYDBZEMGVeBo="}},"96kdgW0SLYmyGvgP9AGn0wBtCjEHZswXsJETm3KrIMo=":{"valueMac":{"type":"Buffer","data":"avmZM6tCo4fu/28HXcZDCvIApexuddq0Kc2wXOynPoI="}},"+M2V5vkwlGX6zGmwZdkeDZUntoaZ55s2bv2jAQwWbxU=":{"valueMac":{"type":"Buffer","data":"QIqr2Mj/1B8mPAmLyDJaSoXm3ykS2//A0b3fvIo1lyE="}},"+V9gFzXkQF++crulOeMwZPFohCoTB3fbN+gTbrXh4kM=":{"valueMac":{"type":"Buffer","data":"55mLN+QOKDtNcgNuPeVePSeNTmv37Tl74nvmvPUuKQc="}},"+zwYbrDfE/gEWUPclllmZbgLIIZ9xDPr+/zTY95Zcqo=":{"valueMac":{"type":"Buffer","data":"8A8w4fRoBD7GaqmqMgLkDr5QC81+dnt6RHO1bUQdRxU="}},"+1wOJsXFdq56Z3f1NY41AZ2fOGcY6Jp6IBw8f89nYFQ=":{"valueMac":{"type":"Buffer","data":"sg5+zyiLcSJMv5KH5P5BZIZbW4WdNJPefyP8L9mTcGo="}},"/w3NOodJ/encCIB/qe6XG349kC7DNcTaHpKRatoTnBI=":{"valueMac":{"type":"Buffer","data":"r54TrBy/nIX2L/RIx6ugLWnW6tjlm6YY/7kbuRjBaj4="}}}}