{"_sessions":{"BU27yh3vF+9P4or4bhnS0WgTcnL0WEDRzkxHJYC1vAQa":{"registrationId":254,"currentRatchet":{"ephemeralKeyPair":{"pubKey":"Bd7YpH/F4CO3vFIpNEZEPRKQX8GUJWV8EiyYV35ckPFH","privKey":"yDnKTpTtkISBXEYZjMR34plzAogs4JobjkhQvZvATmk="},"lastRemoteEphemeralKey":"BVGPFTUE+b7GYZa2adLHIGS+1MM3RPXVkLKOc4Ivzg4K","previousCounter":0,"rootKey":"6VdN8JYarfP/ICqIPvJm3NnJlI+sNLNntNkNaYm/zus="},"indexInfo":{"baseKey":"BU27yh3vF+9P4or4bhnS0WgTcnL0WEDRzkxHJYC1vAQa","baseKeyType":1,"closed":1691378876906,"used":1691368163747,"created":1691368163747,"remoteIdentityKey":"BQTceLalM5h0lmwyLlQUS+0qwxeFoxb1OYpWtrWols0B"},"_chains":{"Bd7YpH/F4CO3vFIpNEZEPRKQX8GUJWV8EiyYV35ckPFH":{"chainKey":{"counter":84,"key":"hXZw0jsQV17cQgzzFW6qmos4C+8wbt0XMU327IHJGC4="},"chainType":1,"messageKeys":{}}},"pendingPreKey":{"signedKeyId":1,"baseKey":"BU27yh3vF+9P4or4bhnS0WgTcnL0WEDRzkxHJYC1vAQa","preKeyId":410}},"BW5lPGUmOfMnTjdYYa6bLTGT24OLa3rCoWQWMz26dVVC":{"registrationId":254,"currentRatchet":{"ephemeralKeyPair":{"pubKey":"Bd3CS0QhgT57Ge8YZS/drG7GBCYajJ1oEWHpr107iH8B","privKey":"YJzEXK4vl2DVpOtDs9Htsbo3WH++ZR0BZGSJqHTGdWs="},"lastRemoteEphemeralKey":"BVGPFTUE+b7GYZa2adLHIGS+1MM3RPXVkLKOc4Ivzg4K","previousCounter":0,"rootKey":"6SGZeNvyRPpPSkQM1x5ytzbN6cRa/UowMQNM7Nv407s="},"indexInfo":{"baseKey":"BW5lPGUmOfMnTjdYYa6bLTGT24OLa3rCoWQWMz26dVVC","baseKeyType":1,"closed":-1,"used":1691378876904,"created":1691378876904,"remoteIdentityKey":"BQTceLalM5h0lmwyLlQUS+0qwxeFoxb1OYpWtrWols0B"},"_chains":{"Bd3CS0QhgT57Ge8YZS/drG7GBCYajJ1oEWHpr107iH8B":{"chainKey":{"counter":51,"key":"tojnAoES0Xq9j1PYJXiDKua8XLkoLhexGYWU2mysjk0="},"chainType":1,"messageKeys":{}}},"pendingPreKey":{"signedKeyId":1,"baseKey":"BW5lPGUmOfMnTjdYYa6bLTGT24OLa3rCoWQWMz26dVVC","preKeyId":428}}},"version":"v1"}