{"_sessions":{"BWDZVtc0n0Wob6fderyXtE2tDXKFaOnKUMZgwpZ4TyQe":{"registrationId":3062,"currentRatchet":{"ephemeralKeyPair":{"pubKey":"BR+RxDlRMfoFcnunNHvl/iFdC4pbPZkmsfwUHjvaLdgT","privKey":"QI29G02v5zI7R70Wrw8DTSYo3qd+VvmjRQqR+vP7S3o="},"lastRemoteEphemeralKey":"BTSBU5Cgz5mOVvrAKb30v/Z6kgLmWcyiJzO2uD+5WelV","previousCounter":1,"rootKey":"VENNA+ZKFY9/PrqElXsPK7CkgWQ1gj5tWGUuVx6AR0g="},"indexInfo":{"baseKey":"BWDZVtc0n0Wob6fderyXtE2tDXKFaOnKUMZgwpZ4TyQe","baseKeyType":1,"closed":-1,"used":1691382474016,"created":1691368163748,"remoteIdentityKey":"BUqnnQN62edlPQzXvYO4EczM8a/Tu7X9LROYzNghNDdi"},"_chains":{"BQNDJWxvH2ns+dVAJ5zIgJEkppgf3pFQdbDzYVCgzRQV":{"chainKey":{"counter":0},"chainType":2,"messageKeys":{}},"BTXfae+15RfC3j9prVostVUpksrqD4uX/5/dj4YbBpUR":{"chainKey":{"counter":0},"chainType":2,"messageKeys":{}},"Bcpa9CmELpP8+RmMAb/W5c1jwIuJYJdNdKd49Z9RHbAj":{"chainKey":{"counter":1},"chainType":2,"messageKeys":{}},"BQVqVFqusNNq1+R0W6iCLPqzmmxPRTPz38qOXox3Or1X":{"chainKey":{"counter":0},"chainType":2,"messageKeys":{}},"BWClxw83l/5s19c+NlWA9IAj3aBgrKMjir1XfDQZbYYV":{"chainKey":{"counter":1},"chainType":2,"messageKeys":{}},"BSMmxIrK/q3sqAN13j+2ZIq/vRANbVIqZ9UZR7Lr6D8B":{"chainKey":{"counter":7},"chainType":2,"messageKeys":{}},"Bf2TNRDhKDJntvFDLMDXGW2FOa88oueFf75E75uUiTY8":{"chainKey":{"counter":1},"chainType":2,"messageKeys":{}},"BTxUkNYLYtCJyEL8X6eSRoelgCiR/GrM/afjpi0LF1QE":{"chainKey":{"counter":1},"chainType":2,"messageKeys":{}},"BTSBU5Cgz5mOVvrAKb30v/Z6kgLmWcyiJzO2uD+5WelV":{"chainKey":{"counter":1,"key":"r+4T+qbtAE4qGGGcxFO+1dx06qdrgngWw5pZaJOuTRg="},"chainType":2,"messageKeys":{}},"BR+RxDlRMfoFcnunNHvl/iFdC4pbPZkmsfwUHjvaLdgT":{"chainKey":{"counter":2,"key":"xh9bbXd1LzqMAMbHZ9W8AuVFQc3wr9qalOQI/QDkRnE="},"chainType":1,"messageKeys":{}}}}},"version":"v1"}