{"_sessions":{"BXsn9QordyAN8XgOMezKFw0H7xRsUGdjBdCNDKYHxohV":{"registrationId":16043,"currentRatchet":{"ephemeralKeyPair":{"pubKey":"BZV8HKuCmeN7WzBkkppVRQ8RcSbmFLU0Cddq5SkhEhdO","privKey":"AK57S+eeCzEu1voUG74B6NueLITbzIfluJCWrozk4VY="},"lastRemoteEphemeralKey":"BUTzGsg3ZRMG0IAcG8VrxVxLa9pSySRXCPtj1hJh5W9y","previousCounter":0,"rootKey":"NXn9HuKQWXJooHLgZRQS1sSWGQ+wq5eVmUnuHGFp4Bk="},"indexInfo":{"baseKey":"BXsn9QordyAN8XgOMezKFw0H7xRsUGdjBdCNDKYHxohV","baseKeyType":1,"closed":-1,"used":1691368163748,"created":1691368163748,"remoteIdentityKey":"BYPsLhIrMRRwJWlYBwi1P54PrkU8QZn8qnu7sBWu4jFK"},"_chains":{"BZV8HKuCmeN7WzBkkppVRQ8RcSbmFLU0Cddq5SkhEhdO":{"chainKey":{"counter":136,"key":"RYtv+xUhSCa0gD9T5kwLjGk+HDOGXZrRXQFDJdGJ1JU="},"chainType":1,"messageKeys":{}}},"pendingPreKey":{"signedKeyId":1,"baseKey":"BXsn9QordyAN8XgOMezKFw0H7xRsUGdjBdCNDKYHxohV","preKeyId":997}}},"version":"v1"}