{"_sessions":{"BbTq+VLc6DfhN/KWLr4imEQV89+2Rxnx4vJ7nA83URgv":{"registrationId":2026050366,"currentRatchet":{"ephemeralKeyPair":{"pubKey":"Bfpwtj1uRFgHudSuDv4ut3RahjEOx8SnzLRvA3LY/V5M","privKey":"EISb9leynkEyjXzbKiu879d6YYAcfgXrwSly0t7T00g="},"lastRemoteEphemeralKey":"Bai4Pv4SNfcOZLvyFOpt78orVyzUtzMNpQYJbivauqB2","previousCounter":0,"rootKey":"QEf2YEuRSy0us/daMpEboOdhGBSbsEwK+nPhZcEZNmQ="},"indexInfo":{"baseKey":"BbTq+VLc6DfhN/KWLr4imEQV89+2Rxnx4vJ7nA83URgv","baseKeyType":2,"closed":-1,"used":1691377132082,"created":1691377132082,"remoteIdentityKey":"BcHig7YEteCSLcozi90IfkV9lFJPt/GmHHJEUp/IrH9x"},"_chains":{"Bai4Pv4SNfcOZLvyFOpt78orVyzUtzMNpQYJbivauqB2":{"chainKey":{"counter":4,"key":"p7QMkh3prhq54HpIvLi7RUSIkxwtjpyUbtWMlKxrgIo="},"chainType":2,"messageKeys":{}},"Bfpwtj1uRFgHudSuDv4ut3RahjEOx8SnzLRvA3LY/V5M":{"chainKey":{"counter":-1,"key":"Qe2/yg6fMyG6CK7AknTHaoA5WWo+AAs94V+k3MiR2XI="},"chainType":1,"messageKeys":{}}}}},"version":"v1"}