{"_sessions":{"BfkjvKJbgmLhqAgVJUMsUQODJj7AJqh5apjCfzVcmgdw":{"registrationId":2036762476,"currentRatchet":{"ephemeralKeyPair":{"pubKey":"BTnZ4YJvgVFPSKIwH1ATi57scOoJU0vGNM0BKaM7AlIi","privKey":"6Gor5+NJdNmNTmTdY3SVTHvgf2Ivy0+ICj8belpbf2I="},"lastRemoteEphemeralKey":"Bdzo7Qg/7u4uHZjjzDPzVDRrhU+MmhQqpL1fOkEViIgR","previousCounter":0,"rootKey":"1ChLyobWBoswvIWdV6rYQK0EKhReB32Rb4jOn7qBG24="},"indexInfo":{"baseKey":"BfkjvKJbgmLhqAgVJUMsUQODJj7AJqh5apjCfzVcmgdw","baseKeyType":2,"closed":-1,"used":1691377132121,"created":1691377132121,"remoteIdentityKey":"Bfc7mlXvm/gJvlDIzUfA5C6jdRjH7eWAJc5mVaTzCFZr"},"_chains":{"Bdzo7Qg/7u4uHZjjzDPzVDRrhU+MmhQqpL1fOkEViIgR":{"chainKey":{"counter":1,"key":"jdMay4Fos1WhRrDO+kbPSXYYfrArLIbFvJ1PramUESA="},"chainType":2,"messageKeys":{}},"BTnZ4YJvgVFPSKIwH1ATi57scOoJU0vGNM0BKaM7AlIi":{"chainKey":{"counter":-1,"key":"ZGOOnDGP+LDACiaX9Z3OOXHlgowGRDCTLSg0rY5l7zc="},"chainType":1,"messageKeys":{}}}}},"version":"v1"}