{"_sessions":{"BcVpRDYo2mE/MRAWiFGQva3WT6oGns0IbDinR8Wn58s1":{"registrationId":1195308847,"currentRatchet":{"ephemeralKeyPair":{"pubKey":"BTdBoOAryRJEjVkdzqTyRuTsR0zobXFuGApBOHnnFX8G","privKey":"UGuYQWoECNgQzx6inu9QKqGSIQVezZcbvkcqBQVfpWQ="},"lastRemoteEphemeralKey":"BS8GkbcHzJAYNIY6dmRxjbU0a57/RfXltHqY0X1NeAYN","previousCounter":0,"rootKey":"jrTz0JbAZhfC3KGSIKiRN2bHHi5GiEjXOjBfbZRQPp8="},"indexInfo":{"baseKey":"BcVpRDYo2mE/MRAWiFGQva3WT6oGns0IbDinR8Wn58s1","baseKeyType":2,"closed":-1,"used":1691382135155,"created":1691382135155,"remoteIdentityKey":"BSmnCE80uvO7aiNhKmsrA8t7w8m/aIxCnAefDo+GGllW"},"_chains":{"BS8GkbcHzJAYNIY6dmRxjbU0a57/RfXltHqY0X1NeAYN":{"chainKey":{"counter":0,"key":"awjmxzruwJRT2vkjsNq2e4juPlnf34DdozWXydWDM3A="},"chainType":2,"messageKeys":{}},"BTdBoOAryRJEjVkdzqTyRuTsR0zobXFuGApBOHnnFX8G":{"chainKey":{"counter":-1,"key":"ZB9A+ku40qUXNPy4VfNSw91rHZ/QlMgb5vhujVCT9zI="},"chainType":1,"messageKeys":{}}}}},"version":"v1"}