{"_sessions":{"BSbYZcTB5ZnVGXAyublnLxpc++y4tWtP20iuVdm2RqYi":{"registrationId":1364893193,"currentRatchet":{"ephemeralKeyPair":{"pubKey":"BZ5kQswdUZ90ahWNzAQhMApIf8qtR2LUj8kxbLGnyBA4","privKey":"QF0GlNShb2+SItt1rLalNjvNzCVfLjlSPnkThQhuunw="},"lastRemoteEphemeralKey":"BXIgFtdL/Bq5YuHOJF7B/XocuZ7wz53m913RZKtuyOMF","previousCounter":0,"rootKey":"2ZU/YLtLmiqgIBCsEhqf2EKNK4H8eUe5PfnQfAj8S/M="},"indexInfo":{"baseKey":"BSbYZcTB5ZnVGXAyublnLxpc++y4tWtP20iuVdm2RqYi","baseKeyType":2,"closed":-1,"used":1691378524969,"created":1691378524969,"remoteIdentityKey":"BZ74J57lnLJXvAmsoMd1sg6Pv4PFe3b8Etc4FmeJMQE1"},"_chains":{"BXIgFtdL/Bq5YuHOJF7B/XocuZ7wz53m913RZKtuyOMF":{"chainKey":{"counter":0,"key":"3vWIx3jdtp9Kh37fi8ZSX0h2E64fUdOe6RrptjCZMv8="},"chainType":2,"messageKeys":{}},"BZ5kQswdUZ90ahWNzAQhMApIf8qtR2LUj8kxbLGnyBA4":{"chainKey":{"counter":-1,"key":"LaMe6X6/ZyGqUSPX7dXsan3oaoR7qljYE15bEKQsiqo="},"chainType":1,"messageKeys":{}}}}},"version":"v1"}