{"_sessions":{"BVXh4sUifAU54D4nsTXuqU8E/e84WFSbU9/igxXIe7YX":{"registrationId":358748059,"currentRatchet":{"ephemeralKeyPair":{"pubKey":"BYXg9FFaYCfmqeeN0YxlU7mkW2uZmip0q6aHLk79YzdC","privKey":"oDeN5Lpmo2yLa8Sep9+qJNgVKKzJ8bHw9dyGTBklVVI="},"lastRemoteEphemeralKey":"BSR3QkGxaE6HTwKTWUGKlGGP9mp3IWtJD7wWmWQPBA0E","previousCounter":0,"rootKey":"XcqX2UOHWC7u+pQpz4heSGRJSXtsIL+8jqrZQ4iuEY0="},"indexInfo":{"baseKey":"BVXh4sUifAU54D4nsTXuqU8E/e84WFSbU9/igxXIe7YX","baseKeyType":2,"closed":-1,"used":1691371292207,"created":1691371292207,"remoteIdentityKey":"BSFnxLRqk4ehnQxoXdktM8Q+lIpAEIwZ/7CKSUW9yzpd"},"_chains":{"BSR3QkGxaE6HTwKTWUGKlGGP9mp3IWtJD7wWmWQPBA0E":{"chainKey":{"counter":2,"key":"Ya1QriL+tTYdk7SoaCuKE6pz+K6W2sCrKrLh57f1HKg="},"chainType":2,"messageKeys":{}},"BYXg9FFaYCfmqeeN0YxlU7mkW2uZmip0q6aHLk79YzdC":{"chainKey":{"counter":-1,"key":"AZ33G2l1v1OQngl2p/0JtDwN61y66qSPHx18AlirkX0="},"chainType":1,"messageKeys":{}}}}},"version":"v1"}